"ABRAMSON, G ",2.5,"KUPERMAN, M ",0
"ABRAMSON, G ",0.5,"MORELLI, L ",0
"KUPERMAN, M ",1,"ZANETTE, D ",0
"KUPERMAN, M ",0.5,"MORELLI, L ",0
"ACEBRON, J ",0.25,"BONILLA, L ",0
"ACEBRON, J ",0.25,"PEREZVICENTE, C ",0
"ACEBRON, J ",0.25,"RITORT, F ",0
"ACEBRON, J ",0.25,"SPIGLER, R ",0
"BONILLA, L ",0.25,"PEREZVICENTE, C ",0
"BONILLA, L ",0.25,"RITORT, F ",0
"BONILLA, L ",0.25,"SPIGLER, R ",0
"PEREZVICENTE, C ",0.25,"RITORT, F ",0
"PEREZVICENTE, C ",0.25,"SPIGLER, R ",0
"RITORT, F ",0.25,"SPIGLER, R ",0
"ADAMIC, L ",1,"ADAR, E ",0
"ADAMIC, L ",3.16667,"HUBERMAN, B ",0
"ADAMIC, L ",1.16667,"LUKOSE, R ",0
"ADAMIC, L ",0.666667,"PUNIYANI, A ",0
"HUBERMAN, B ",1.16667,"LUKOSE, R ",0
"HUBERMAN, B ",0.666667,"PUNIYANI, A ",0
"HUBERMAN, B ",0.5,"TYLER, J ",0
"HUBERMAN, B ",1.5,"WILKINSON, D ",0
"HUBERMAN, B ",1,"WU, F ",0
"LUKOSE, R ",0.666667,"PUNIYANI, A ",0
"AERTSEN, A ",0.333333,"GERSTEIN, G ",0
"AERTSEN, A ",0.333333,"HABIB, M ",0
"AERTSEN, A ",0.333333,"PALM, G ",0
"AERTSEN, A ",0.25,"MEHRING, C ",0
"AERTSEN, A ",0.25,"HEHL, U ",0
"AERTSEN, A ",0.25,"KUBO, M ",0
"AERTSEN, A ",0.25,"DIESMANN, M ",0
"GERSTEIN, G ",0.333333,"HABIB, M ",0
"GERSTEIN, G ",0.333333,"PALM, G ",0
"HABIB, M ",0.333333,"PALM, G ",0
"AFRAIMOVICH, V ",0.5,"VERICHEV, N ",0
"AFRAIMOVICH, V ",0.5,"RABINOVICH, M ",0
"VERICHEV, N ",0.5,"RABINOVICH, M ",0
"AHUJA, R ",0.5,"MAGNANTI, T ",0
"AHUJA, R ",0.5,"ORLIN, J ",0
"MAGNANTI, T ",0.5,"ORLIN, J ",0
"AIELLO, W ",0.5,"CHUNG, F ",0
"AIELLO, W ",0.5,"LU, L ",0
"CHUNG, F ",2.33333,"LU, L ",0
"CHUNG, F ",0.333333,"GALAS, D ",0
"CHUNG, F ",0.5,"VU, V ",0
"CHUNG, F ",0.333333,"DEWEY, T ",0
"LU, L ",0.333333,"GALAS, D ",0
"LU, L ",0.333333,"DEWEY, T ",0
"LU, L ",0.5,"VU, V ",0
"ALBERICH, R ",0.5,"MIROJULIA, J ",0
"ALBERICH, R ",0.5,"ROSSELLO, F ",0
"MIROJULIA, J ",0.5,"ROSSELLO, F ",0
"ALBERT, R ",0.5,"NAKARADO, G ",0
"ALBERT, R ",3.58333,"BARABASI, A ",0
"ALBERT, R ",1.58333,"JEONG, H ",0
"ALBERT, R ",0.333333,"BIANCONI, G ",0
"ALBERT, R ",0.333333,"LATORA, V ",0
"ALBERT, R ",0.25,"TOMBOR, B ",0
"ALBERT, R ",0.333333,"CRUCITTI, P ",0
"ALBERT, R ",0.25,"OLTVAI, Z ",0
"ALBERT, R ",0.333333,"KINNEY, R ",0
"ALBERT, R ",0.5,"ALBERT, I ",0
"ALBERT, I ",0.5,"NAKARADO, G ",0
"BARABASI, A ",1.33333,"BIANCONI, G ",0
"BARABASI, A ",2.275,"RAVASZ, E ",0
"BARABASI, A ",1.025,"NEDA, Z ",0
"BARABASI, A ",0.525,"SCHUBERT, A ",0
"BARABASI, A ",1.33333,"YOOK, S ",0
"BARABASI, A ",0.25,"SCHWARTZ, N ",0
"BARABASI, A ",4.225,"JEONG, H ",0
"BARABASI, A ",0.2,"PODANI, J ",0
"BARABASI, A ",0.2,"SZATHMARY, E ",0
"BARABASI, A ",0.708333,"FARKAS, I ",0
"BARABASI, A ",0.458333,"DERENYI, I ",0
"BARABASI, A ",0.75,"ALMAAS, E ",0
"BARABASI, A ",0.25,"KOVACS, B ",0
"BARABASI, A ",1.85833,"VICSEK, T ",0
"BARABASI, A ",2.99167,"OLTVAI, Z ",0
"BARABASI, A ",0.583333,"BERLOW, E ",0
"BARABASI, A ",0.333333,"MASON, S ",0
"BARABASI, A ",0.45,"TOMBOR, B ",0
"BARABASI, A ",0.25,"SOMERA, A ",0
"BARABASI, A ",0.25,"MONGRU, D ",0
"BARABASI, A ",1,"DEMENEZES, M ",0
"BARABASI, A ",0.25,"HAVLIN, S ",0
"BARABASI, A ",0.333333,"TU, Y ",0
"BARABASI, A ",1,"DEZSO, Z ",0
"BARABASI, A ",0.333333,"DOBRIN, R ",0
"BARABASI, A ",0.333333,"BEG, Q ",0
"BARABASI, A ",0.5,"MACDONALD, P ",0
"BARABASI, A ",0.25,"COHEN, R ",0
"BARABASI, A ",0.25,"BENAVRAHAM, D ",0
"BARABASI, A ",0.5,"WUCHTY, S ",0
"BARABASI, A ",0.583333,"DUNNE, J ",0
"BARABASI, A ",0.583333,"WILLIAMS, R ",0
"BARABASI, A ",0.25,"MARTINEZ, N ",0
"JEONG, H ",0.333333,"BIANCONI, G ",0
"JEONG, H ",0.525,"RAVASZ, E ",0
"JEONG, H ",1.025,"NEDA, Z ",0
"JEONG, H ",0.525,"SCHUBERT, A ",0
"JEONG, H ",0.25,"GOH, K ",0
"JEONG, H ",1.25,"KAHNG, B ",0
"JEONG, H ",0.25,"KIM, D ",0
"JEONG, H ",0.25,"OH, E ",0
"JEONG, H ",0.2,"PODANI, J ",0
"JEONG, H ",0.2,"SZATHMARY, E ",0
"JEONG, H ",0.375,"FARKAS, I ",0
"JEONG, H ",0.125,"DERENYI, I ",0
"JEONG, H ",0.775,"VICSEK, T ",0
"JEONG, H ",1.15833,"OLTVAI, Z ",0
"JEONG, H ",0.333333,"MASON, S ",0
"JEONG, H ",0.45,"TOMBOR, B ",0
"JEONG, H ",0.833333,"YOOK, S ",0
"JEONG, H ",0.333333,"TU, Y ",0
"JEONG, H ",0.5,"PARK, Y ",0
"JEONG, H ",0.5,"RHO, K ",0
"JEONG, H ",0.5,"HOLME, P ",0
"JEONG, H ",0.5,"HUSS, M ",0
"JEONG, H ",0.333333,"KIM, B ",0
"JEONG, H ",0.333333,"YOON, C ",0
"JEONG, H ",0.333333,"HAN, S ",0
"ALBERTS, B ",0.2,"WATSON, J ",0
"ALBERTS, B ",0.2,"BRAY, D ",0
"ALBERTS, B ",0.2,"LEWIS, J ",0
"ALBERTS, B ",0.2,"RAFF, M ",0
"ALBERTS, B ",0.2,"ROBERTS, K ",0
"BRAY, D ",0.2,"WATSON, J ",0
"BRAY, D ",0.2,"LEWIS, J ",0
"BRAY, D ",0.2,"RAFF, M ",0
"BRAY, D ",0.2,"ROBERTS, K ",0
"LEWIS, J ",0.2,"WATSON, J ",0
"LEWIS, J ",0.2,"RAFF, M ",0
"LEWIS, J ",0.2,"ROBERTS, K ",0
"RAFF, M ",0.2,"WATSON, J ",0
"RAFF, M ",0.2,"ROBERTS, K ",0
"ROBERTS, K ",0.2,"WATSON, J ",0
"ALDOUS, D ",1,"PITTEL, B ",0
"ALEKSIEJUK, A ",0.5,"HOLYST, J ",0
"ALEKSIEJUK, A ",0.5,"STAUFFER, D ",0
"HOLYST, J ",0.833333,"FRONCZAK, A ",0
"HOLYST, J ",0.5,"FRONCZAK, P ",0
"HOLYST, J ",0.333333,"JEDYNAK, M ",0
"HOLYST, J ",0.333333,"SIENKIEWICZ, J ",0
"HOLYST, J ",0.5,"STAUFFER, D ",0
"STAUFFER, D ",0.333333,"COSTA, U ",0
"STAUFFER, D ",0.333333,"ARAUJO, A ",0
"STAUFFER, D ",0.5,"KERTESZ, J ",0
"STAUFFER, D ",1.33333,"DAFONTOURACOSTA, L ",0
"STAUFFER, D ",1,"NEWMAN, M ",0
"STAUFFER, D ",1.33333,"AHARONY, A ",0
"STAUFFER, D ",0.333333,"ADLER, J ",0
"STAUFFER, D ",1,"MEYERORTMANNS, H ",0
"STAUFFER, D ",1,"FORTUNATO, S ",0
"STAUFFER, D ",0.833333,"BERNARDES, A ",0
"ALLARIA, E ",0.333333,"ARECCHI, F ",0
"ALLARIA, E ",0.333333,"DIGARBO, A ",0
"ALLARIA, E ",0.333333,"MEUCCI, R ",0
"ARECCHI, F ",0.333333,"DIGARBO, A ",0
"ARECCHI, F ",0.333333,"MEUCCI, R ",0
"ARECCHI, F ",0.333333,"BOCCALETTI, S ",0
"ARECCHI, F ",0.333333,"BRAGARD, J ",0
"ARECCHI, F ",0.333333,"MANCINI, H ",0
"DIGARBO, A ",0.333333,"MEUCCI, R ",0
"ALMAAS, E ",0.5,"MACDONALD, P ",0
"ALMAAS, E ",0.25,"KOVACS, B ",0
"ALMAAS, E ",0.25,"VICSEK, T ",0
"ALMAAS, E ",0.25,"OLTVAI, Z ",0
"ALMAAS, E ",0.5,"KRAPIVSKY, P ",0
"ALMAAS, E ",0.5,"REDNER, S ",0
"ALMAAS, E ",1,"KULKARNI, R ",0
"ALMAAS, E ",1,"STROUD, D ",0
"KOVACS, B ",0.25,"VICSEK, T ",0
"KOVACS, B ",0.25,"OLTVAI, Z ",0
"VICSEK, T ",0.5,"MARODI, M ",0
"VICSEK, T ",0.25,"BENJACOB, E ",0
"VICSEK, T ",1.025,"RAVASZ, E ",0
"VICSEK, T ",0.525,"NEDA, Z ",0
"VICSEK, T ",0.525,"SCHUBERT, A ",0
"VICSEK, T ",0.5,"DOVIDIO, F ",0
"VICSEK, T ",0.708333,"FARKAS, I ",0
"VICSEK, T ",0.458333,"DERENYI, I ",0
"VICSEK, T ",0.625,"OLTVAI, Z ",0
"VICSEK, T ",0.25,"CZIROK, A ",0
"VICSEK, T ",0.25,"COHEN, I ",0
"VICSEK, T ",0.25,"SHOCHET, O ",0
"OLTVAI, Z ",0.375,"RAVASZ, E ",0
"OLTVAI, Z ",0.125,"NEDA, Z ",0
"OLTVAI, Z ",0.125,"SCHUBERT, A ",0
"OLTVAI, Z ",0.333333,"MASON, S ",0
"OLTVAI, Z ",0.333333,"DOBRIN, R ",0
"OLTVAI, Z ",0.333333,"BEG, Q ",0
"OLTVAI, Z ",0.375,"FARKAS, I ",0
"OLTVAI, Z ",0.2,"SZATHMARY, E ",0
"OLTVAI, Z ",0.25,"SOMERA, A ",0
"OLTVAI, Z ",0.25,"MONGRU, D ",0
"OLTVAI, Z ",0.5,"YOOK, S ",0
"OLTVAI, Z ",0.45,"TOMBOR, B ",0
"OLTVAI, Z ",0.125,"DERENYI, I ",0
"OLTVAI, Z ",0.5,"WUCHTY, S ",0
"OLTVAI, Z ",0.2,"PODANI, J ",0
"KRAPIVSKY, P ",0.5,"RODGERS, G ",0
"KRAPIVSKY, P ",0.5,"LEYVRAZ, F ",0
"KRAPIVSKY, P ",0.333333,"KAHNG, B ",0
"KRAPIVSKY, P ",3.83333,"REDNER, S ",0
"KRAPIVSKY, P ",0.5,"VAZQUEZ, F ",0
"KRAPIVSKY, P ",0.5,"BENNAIM, E ",0
"KRAPIVSKY, P ",1,"ANTAL, T ",0
"KRAPIVSKY, P ",0.333333,"KIM, J ",0
"REDNER, S ",0.5,"RODGERS, G ",0
"REDNER, S ",0.5,"LEYVRAZ, F ",0
"REDNER, S ",0.333333,"KAHNG, B ",0
"REDNER, S ",0.5,"VAZQUEZ, F ",0
"REDNER, S ",0.5,"BENNAIM, E ",0
"REDNER, S ",0.333333,"KIM, J ",0
"KULKARNI, R ",1,"STROUD, D ",0
"KULKARNI, R ",1,"GORMAN, S ",0
"ALON, N ",0.5,"YUSTER, R ",0
"ALON, N ",0.5,"ZWICK, U ",0
"YUSTER, R ",0.5,"ZWICK, U ",0
"ALON, U ",0.333333,"BARKAI, N ",0
"ALON, U ",0.333333,"LEIBER, S ",0
"ALON, U ",0.92619,"ITZKOVITZ, S ",0
"ALON, U ",1.25952,"MILO, R ",0
"ALON, U ",0.92619,"KASHTAN, N ",0
"ALON, U ",0.25,"ZIV, G ",0
"ALON, U ",0.47619,"SURETTE, M ",0
"ALON, U ",0.2,"CHKLOVSKII, D ",0
"ALON, U ",0.142857,"LEVITT, R ",0
"ALON, U ",0.67619,"SHENORR, S ",0
"ALON, U ",0.142857,"AYZENSHTAT, I ",0
"ALON, U ",0.142857,"SHEFFER, M ",0
"ALON, U ",1.33333,"MANGAN, S ",0
"ALON, U ",0.142857,"ZASLAVER, A ",0
"ALON, U ",0.142857,"MAYO, A ",0
"ALON, U ",0.142857,"ROSENBERG, R ",0
"ALON, U ",0.142857,"BASHKIN, P ",0
"ALON, U ",0.142857,"SBERRO, H ",0
"ALON, U ",0.142857,"TSALYUK, M ",0
"SURETTE, M ",0.333333,"BARKAI, N ",0
"SURETTE, M ",0.333333,"LEIBER, S ",0
"SURETTE, M ",0.142857,"ZASLAVER, A ",0
"SURETTE, M ",0.142857,"MAYO, A ",0
"SURETTE, M ",0.142857,"ROSENBERG, R ",0
"SURETTE, M ",0.142857,"BASHKIN, P ",0
"SURETTE, M ",0.142857,"SBERRO, H ",0
"SURETTE, M ",0.142857,"TSALYUK, M ",0
"BARKAI, N ",0.333333,"LEIBER, S ",0
"BARKAI, N ",0.25,"IHMELS, J ",0
"BARKAI, N ",0.25,"FRIEDLANDER, G ",0
"BARKAI, N ",0.25,"BERGMANN, S ",0
"BARKAI, N ",0.25,"OFERSARIG, Y ",0
"ALTER, O ",0.5,"BROWN, P ",0
"ALTER, O ",0.5,"BOTSTEIN, D ",0
"BROWN, P ",0.5,"BOTSTEIN, D ",0
"AMARAL, L ",1.83333,"GUIMERA, R ",0
"AMARAL, L ",0.5,"CAMACHO, J ",0
"AMARAL, L ",0.666667,"MOSSA, S ",0
"AMARAL, L ",0.833333,"SCALA, A ",0
"AMARAL, L ",2.16667,"BARTHELEMY, M ",0
"AMARAL, L ",0.916667,"STANLEY, H ",0
"AMARAL, L ",0.333333,"TURTSCHI, A ",0
"AMARAL, L ",0.25,"ABERG, Y ",0
"AMARAL, L ",0.75,"EDLING, C ",0
"AMARAL, L ",0.75,"LILJEROS, F ",0
"AMARAL, L ",0.5,"MOREIRA, A ",0
"AMARAL, L ",0.5,"ANDRADE, J ",0
"SCALA, A ",0.333333,"STANLEY, H ",0
"SCALA, A ",0.833333,"BARTHELEMY, M ",0
"BARTHELEMY, M ",0.5,"HERRMANN, C ",0
"BARTHELEMY, M ",0.5,"PROVERO, P ",0
"BARTHELEMY, M ",0.666667,"STANLEY, H ",0
"BARTHELEMY, M ",1.16667,"BARRAT, A ",0
"BARTHELEMY, M ",0.666667,"PASTORSATORRAS, R ",0
"BARTHELEMY, M ",1.16667,"VESPIGNANI, A ",0
"BARTHELEMY, M ",0.5,"GONDRAN, B ",0
"BARTHELEMY, M ",0.5,"GUICHARD, E ",0
"BARTHELEMY, M ",0.333333,"MOSSA, S ",0
"STANLEY, H ",0.5,"HONG, D ",0
"STANLEY, H ",0.333333,"MOSSA, S ",0
"STANLEY, H ",1,"MANTEGNA, R ",0
"STANLEY, H ",0.25,"ABERG, Y ",0
"STANLEY, H ",0.25,"EDLING, C ",0
"STANLEY, H ",0.25,"LILJEROS, F ",0
"STANLEY, H ",0.5,"HERRMANN, H ",0
"AMENGUAL, A ",0.333333,"HERNANDEZGARCIA, E ",0
"AMENGUAL, A ",0.333333,"MONTAGNE, R ",0
"AMENGUAL, A ",0.333333,"SANMIGUEL, M ",0
"HERNANDEZGARCIA, E ",0.333333,"MONTAGNE, R ",0
"HERNANDEZGARCIA, E ",0.333333,"SANMIGUEL, M ",0
"MONTAGNE, R ",0.333333,"SANMIGUEL, M ",0
"SANMIGUEL, M ",0.5,"SUCHECKI, K ",0
"SANMIGUEL, M ",1,"EGUILUZ, V ",0
"SANMIGUEL, M ",0.5,"ZIMMERMANN, M ",0
"ANCELMEYERS, L ",0.333333,"SCHRAG, S ",0
"ANCELMEYERS, L ",0.333333,"NEWMAN, M ",0
"ANCELMEYERS, L ",0.333333,"MARTIN, M ",0
"NEWMAN, M ",1,"GASTNER, M ",0
"NEWMAN, M ",2.5,"GIRVAN, M ",0
"NEWMAN, M ",1,"PARK, J ",0
"NEWMAN, M ",1,"SOLE, R ",0
"NEWMAN, M ",0.333333,"PORTER, M ",0
"NEWMAN, M ",0.333333,"MUCHA, P ",0
"NEWMAN, M ",0.333333,"WARMBRAND, C ",0
"NEWMAN, M ",0.583333,"CALLAWAY, D ",0
"NEWMAN, M ",0.25,"HOPCROFT, J ",0
"NEWMAN, M ",0.25,"KLEINBERG, J ",0
"NEWMAN, M ",1.58333,"STROGATZ, S ",0
"NEWMAN, M ",3.33333,"WATTS, D ",0
"NEWMAN, M ",0.333333,"MARTIN, M ",0
"NEWMAN, M ",0.333333,"SCHRAG, S ",0
"NEWMAN, M ",0.5,"JIN, E ",0
"NEWMAN, M ",0.5,"FORREST, S ",0
"NEWMAN, M ",0.5,"BALTHROP, J ",0
"NEWMAN, M ",0.5,"LEICHT, E ",0
"NEWMAN, M ",0.5,"DODDS, P ",0
"NEWMAN, M ",1,"LUSSEAU, D ",0
"NEWMAN, M ",0.5,"CLAUSET, A ",0
"NEWMAN, M ",2.5,"MOORE, C ",0
"NEWMAN, M ",0.5,"HOLME, P ",0
"NEWMAN, M ",0.5,"GHOSHAL, G ",0
"NEWMAN, M ",1,"SNEPPEN, K ",0
"MARTIN, M ",0.333333,"SCHRAG, S ",0
"ANDERSON, C ",0.5,"WASSERMAN, S ",0
"ANDERSON, C ",0.5,"CROUCH, B ",0
"WASSERMAN, S ",1,"PATTISON, P ",0
"WASSERMAN, S ",0.5,"CROUCH, B ",0
"WASSERMAN, S ",1,"FAUST, K ",0
"ANDERSON, P ",0.5,"ARROW, K ",0
"ANDERSON, P ",0.5,"PINES, D ",0
"ARROW, K ",0.5,"PINES, D ",0
"ANDERSON, R ",2.5,"MAY, R ",0
"ANDERSON, R ",0.5,"GUPTA, S ",0
"MAY, R ",1,"NOWAK, M ",0
"MAY, R ",0.5,"GUPTA, S ",0
"MAY, R ",2,"LLOYD, A ",0
"APIC, G ",0.5,"GOUGH, J ",0
"APIC, G ",0.5,"TEICHMANN, S ",0
"GOUGH, J ",0.5,"TEICHMANN, S ",0
"ARENAS, A ",2.66667,"DIAZGUILERA, A ",0
"ARENAS, A ",2.33333,"GUIMERA, R ",0
"ARENAS, A ",0.5,"VEGAREDONDO, F ",0
"ARENAS, A ",0.5,"DANON, L ",0
"ARENAS, A ",0.25,"GLEISER, P ",0
"ARENAS, A ",0.333333,"BOGUNA, M ",0
"ARENAS, A ",0.333333,"PASTORSATORRAS, R ",0
"ARENAS, A ",0.583333,"GIRALT, F ",0
"ARENAS, A ",0.5,"CABRALES, A ",0
"CABRALES, A ",0.5,"DIAZGUILERA, A ",0
"CABRALES, A ",0.5,"GUIMERA, R ",0
"CABRALES, A ",0.5,"VEGAREDONDO, F ",0
"DIAZGUILERA, A ",2.33333,"GUIMERA, R ",0
"DIAZGUILERA, A ",0.5,"VEGAREDONDO, F ",0
"DIAZGUILERA, A ",0.5,"DANON, L ",0
"DIAZGUILERA, A ",0.25,"GLEISER, P ",0
"DIAZGUILERA, A ",0.333333,"BOGUNA, M ",0
"DIAZGUILERA, A ",0.5,"VRAGOVIC, I ",0
"DIAZGUILERA, A ",0.5,"LOUIS, E ",0
"DIAZGUILERA, A ",0.583333,"GIRALT, F ",0
"DIAZGUILERA, A ",0.333333,"PEREZ, C ",0
"DIAZGUILERA, A ",0.833333,"PASTORSATORRAS, R ",0
"DIAZGUILERA, A ",0.5,"RUBI, M ",0
"DIAZGUILERA, A ",0.333333,"GUARDIOLA, X ",0
"DIAZGUILERA, A ",0.333333,"LLAS, M ",0
"GUIMERA, R ",0.5,"VEGAREDONDO, F ",0
"GUIMERA, R ",0.5,"DANON, L ",0
"GUIMERA, R ",0.25,"GLEISER, P ",0
"GUIMERA, R ",0.333333,"TURTSCHI, A ",0
"GUIMERA, R ",0.333333,"MOSSA, S ",0
"GUIMERA, R ",0.5,"CAMACHO, J ",0
"GUIMERA, R ",0.583333,"GIRALT, F ",0
"DANON, L ",1.25,"GLEISER, P ",0
"DANON, L ",0.25,"GIRALT, F ",0
"ASHWIN, P ",0.5,"STEWART, I ",0
"ASHWIN, P ",0.5,"BUESCU, J ",0
"BUESCU, J ",0.5,"STEWART, I ",0
"ATAY, F ",0.5,"JOST, J ",0
"ATAY, F ",0.5,"WENDE, A ",0
"JOST, J ",0.5,"WENDE, A ",0
"JOST, J ",1,"JOY, M ",0
"AUMANN, R ",1,"HART, S ",0
"BADER, G ",1,"HOGUE, C ",0
"BAIESI, M ",1,"PACZUSKI, M ",0
"PACZUSKI, M ",0.5,"BASSLER, K ",0
"PACZUSKI, M ",0.5,"CORRAL, A ",0
"BAIRD, D ",1,"ULANOWICZ, R ",0
"ULANOWICZ, R ",0.25,"FRANK, K ",0
"ULANOWICZ, R ",0.25,"MASON, D ",0
"ULANOWICZ, R ",0.25,"TAYLOR, W ",0
"ULANOWICZ, R ",0.25,"KRAUSE, A ",0
"BAKER, W ",0.5,"YOO, M ",0
"BAKER, W ",1,"FAULKNER, R ",0
"BAKER, W ",0.5,"DAVIS, G ",0
"BAK, P ",1,"SNEPPEN, K ",0
"SNEPPEN, K ",0.333333,"ERIKSEN, K ",0
"SNEPPEN, K ",0.333333,"SIMONSEN, I ",0
"SNEPPEN, K ",1.83333,"MASLOV, S ",0
"SNEPPEN, K ",0.833333,"ROSVALL, M ",0
"SNEPPEN, K ",0.5,"ZALIZNYAK, A ",0
"SNEPPEN, K ",0.833333,"TRUSINA, A ",0
"SNEPPEN, K ",0.333333,"MINNHAGEN, P ",0
"BALL, F ",0.5,"MOLLISON, D ",0
"BALL, F ",0.5,"SCALIATOMBA, G ",0
"MOLLISON, D ",0.5,"SCALIATOMBA, G ",0
"BANAVAR, J ",0.5,"RINALDO, A ",0
"BANAVAR, J ",0.2,"HOLTER, N ",0
"BANAVAR, J ",0.2,"MITRA, M ",0
"BANAVAR, J ",0.2,"CIEPLAK, M ",0
"BANAVAR, J ",0.2,"FEDROFF, N ",0
"BANAVAR, J ",0.7,"MARITAN, A ",0
"MARITAN, A ",0.75,"RINALDO, A ",0
"MARITAN, A ",0.2,"HOLTER, N ",0
"MARITAN, A ",0.2,"MITRA, M ",0
"MARITAN, A ",0.2,"CIEPLAK, M ",0
"MARITAN, A ",0.333333,"VAZQUEZ, A ",0
"MARITAN, A ",0.333333,"FLAMMINI, A ",0
"MARITAN, A ",0.25,"GIACOMETTI, A ",0
"MARITAN, A ",0.333333,"VESPIGNANI, A ",0
"MARITAN, A ",0.2,"FEDROFF, N ",0
"MARITAN, A ",0.25,"RIGON, R ",0
"MARITAN, A ",0.25,"RODRIGUEZITURBE, I ",0
"RINALDO, A ",0.75,"RIGON, R ",0
"RINALDO, A ",1.75,"RODRIGUEZITURBE, I ",0
"RINALDO, A ",0.25,"GIACOMETTI, A ",0
"BANKS, D ",1,"CARLEY, K ",0
"BIANCONI, G ",1,"CAPOCCI, A ",0
"RAVASZ, E ",0.525,"NEDA, Z ",0
"RAVASZ, E ",0.525,"SCHUBERT, A ",0
"RAVASZ, E ",0.25,"SOMERA, A ",0
"RAVASZ, E ",0.25,"MONGRU, D ",0
"RAVASZ, E ",0.125,"FARKAS, I ",0
"RAVASZ, E ",0.125,"DERENYI, I ",0
"NEDA, Z ",0.525,"SCHUBERT, A ",0
"NEDA, Z ",0.125,"FARKAS, I ",0
"NEDA, Z ",0.125,"DERENYI, I ",0
"SCHUBERT, A ",0.125,"FARKAS, I ",0
"SCHUBERT, A ",0.125,"DERENYI, I ",0
"BARAHONA, M ",1,"PECORA, L ",0
"PECORA, L ",0.333333,"FINK, K ",0
"PECORA, L ",0.333333,"JOHNSON, G ",0
"PECORA, L ",1.83333,"CARROLL, T ",0
"PECORA, L ",0.5,"BOCCALETTI, S ",0
"PECORA, L ",0.5,"HEAGY, J ",0
"PECORA, L ",0.5,"PELAEZ, A ",0
"BARBOUR, A ",1,"REINERT, G ",0
"BARJOSEPH, Z ",0.111111,"GERBER, G ",0
"BARJOSEPH, Z ",0.111111,"LEE, T ",0
"BARJOSEPH, Z ",0.111111,"RINALDI, N ",0
"BARJOSEPH, Z ",0.111111,"YOO, J ",0
"BARJOSEPH, Z ",0.111111,"ROBERT, F ",0
"BARJOSEPH, Z ",0.111111,"GORDON, D ",0
"BARJOSEPH, Z ",0.111111,"FRAENKEL, E ",0
"BARJOSEPH, Z ",0.111111,"JAAKKOLA, T ",0
"BARJOSEPH, Z ",0.111111,"YOUNG, R ",0
"GERBER, G ",0.111111,"LEE, T ",0
"GERBER, G ",0.111111,"RINALDI, N ",0
"GERBER, G ",0.111111,"YOO, J ",0
"GERBER, G ",0.111111,"ROBERT, F ",0
"GERBER, G ",0.111111,"GORDON, D ",0
"GERBER, G ",0.111111,"FRAENKEL, E ",0
"GERBER, G ",0.111111,"JAAKKOLA, T ",0
"GERBER, G ",0.111111,"YOUNG, R ",0
"LEE, T ",0.111111,"RINALDI, N ",0
"LEE, T ",0.111111,"YOO, J ",0
"LEE, T ",0.111111,"ROBERT, F ",0
"LEE, T ",0.111111,"GORDON, D ",0
"LEE, T ",0.111111,"FRAENKEL, E ",0
"LEE, T ",0.111111,"JAAKKOLA, T ",0
"LEE, T ",0.111111,"YOUNG, R ",0
"RINALDI, N ",0.111111,"YOO, J ",0
"RINALDI, N ",0.111111,"ROBERT, F ",0
"RINALDI, N ",0.111111,"GORDON, D ",0
"RINALDI, N ",0.111111,"FRAENKEL, E ",0
"RINALDI, N ",0.111111,"JAAKKOLA, T ",0
"RINALDI, N ",0.111111,"YOUNG, R ",0
"YOO, J ",0.111111,"ROBERT, F ",0
"YOO, J ",0.111111,"GORDON, D ",0
"YOO, J ",0.111111,"FRAENKEL, E ",0
"YOO, J ",0.111111,"JAAKKOLA, T ",0
"YOO, J ",0.111111,"YOUNG, R ",0
"ROBERT, F ",0.111111,"GORDON, D ",0
"ROBERT, F ",0.111111,"FRAENKEL, E ",0
"ROBERT, F ",0.111111,"JAAKKOLA, T ",0
"ROBERT, F ",0.111111,"YOUNG, R ",0
"GORDON, D ",0.111111,"FRAENKEL, E ",0
"GORDON, D ",0.111111,"JAAKKOLA, T ",0
"GORDON, D ",0.111111,"YOUNG, R ",0
"FRAENKEL, E ",0.111111,"JAAKKOLA, T ",0
"FRAENKEL, E ",0.111111,"YOUNG, R ",0
"JAAKKOLA, T ",0.111111,"YOUNG, R ",0
"BARRAT, A ",1,"WEIGT, M ",0
"BARRAT, A ",1.16667,"VESPIGNANI, A ",0
"BARRAT, A ",0.666667,"PASTORSATORRAS, R ",0
"PASTORSATORRAS, R ",2.08333,"BOGUNA, M ",0
"PASTORSATORRAS, R ",1.08333,"MORENO, Y ",0
"PASTORSATORRAS, R ",1.58333,"VAZQUEZ, A ",0
"PASTORSATORRAS, R ",0.5,"CALDARELLI, G ",0
"PASTORSATORRAS, R ",0.333333,"KEPLER, T ",0
"PASTORSATORRAS, R ",0.5,"DOROGOVTSEV, S ",0
"PASTORSATORRAS, R ",4.75,"VESPIGNANI, A ",0
"PASTORSATORRAS, R ",0.5,"RUBI, M ",0
"PASTORSATORRAS, R ",0.833333,"SMITH, E ",0
"PASTORSATORRAS, R ",1.83333,"SOLE, R ",0
"PASTORSATORRAS, R ",0.5,"RAMASCO, J ",0
"VESPIGNANI, A ",0.5,"NEKOVEE, M ",0
"VESPIGNANI, A ",0.75,"BOGUNA, M ",0
"VESPIGNANI, A ",0.333333,"LEONE, M ",0
"VESPIGNANI, A ",1.58333,"MORENO, Y ",0
"VESPIGNANI, A ",2.25,"VAZQUEZ, A ",0
"VESPIGNANI, A ",0.5,"CASTELLANO, C ",0
"VESPIGNANI, A ",0.5,"VILONE, D ",0
"VESPIGNANI, A ",0.5,"CALDARELLI, G ",0
"VESPIGNANI, A ",0.333333,"FLAMMINI, A ",0
"VESPIGNANI, A ",0.333333,"ZECCHINA, R ",0
"WEIGT, M ",1,"VAZQUEZ, A ",0
"BARRETO, E ",1.33333,"SO, P ",0
"BARRETO, E ",0.333333,"GLUCKMANN, B ",0
"BARRETO, E ",0.333333,"SCHIFF, S ",0
"SO, P ",0.333333,"GLUCKMANN, B ",0
"SO, P ",0.333333,"SCHIFF, S ",0
"GLUCKMANN, B ",0.333333,"SCHIFF, S ",0
"GONDRAN, B ",0.5,"GUICHARD, E ",0
"BATAGELJ, V ",1,"MRVAR, A ",0
"BATTISTON, S ",1,"CATANZARO, M ",0
"BATTISTON, S ",0.25,"SERVEDIO, V ",0
"BATTISTON, S ",0.25,"CALDARELLI, G ",0
"BATTISTON, S ",0.25,"GARLASCHELLI, D ",0
"BATTISTON, S ",0.25,"CASTRI, M ",0
"BATTY, M ",1,"LONGLEY, P ",0
"BAUER, M ",1,"COULUMB, S ",0
"BAUER, M ",1,"BERNARD, D ",0
"BCHKLOVSKII, D ",0.5,"SCHIKORSKI, T ",0
"BCHKLOVSKII, D ",0.5,"STEVENS, C ",0
"SCHIKORSKI, T ",0.5,"STEVENS, C ",0
"STEVENS, C ",1,"KLYACHKO, V ",0
"BEARMAN, P ",0.5,"MOODY, J ",0
"BEARMAN, P ",1.5,"STOVEL, K ",0
"MOODY, J ",0.5,"STOVEL, K ",0
"BEKESSY, A ",0.5,"BEKESSY, P ",0
"BEKESSY, A ",0.5,"KOMLOS, J ",0
"BEKESSY, P ",0.5,"KOMLOS, J ",0
"KOMLOS, J ",1,"PATURI, R ",0
"BELYKH, I ",1,"BELYKH, V ",0
"BELYKH, I ",1,"HASLER, M ",0
"BELYKH, V ",1,"HASLER, M ",0
"BENDER, E ",1,"CANFIELD, E ",0
"BENNAIM, E ",0.5,"FRAUENFELDER, H ",0
"BENNAIM, E ",0.5,"TOROCZKAI, Z ",0
"FRAUENFELDER, H ",0.5,"TOROCZKAI, Z ",0
"TOROCZKAI, Z ",0.25,"KOZMA, B ",0
"TOROCZKAI, Z ",0.25,"HENGARTNER, N ",0
"TOROCZKAI, Z ",0.25,"KORNISS, G ",0
"TOROCZKAI, Z ",1.25,"BASSLER, K ",0
"BERG, J ",1.5,"LASSIG, M ",0
"BERG, J ",0.5,"WAGNER, A ",0
"LASSIG, M ",0.5,"WAGNER, A ",0
"WAGNER, A ",0.333333,"GLEISS, P ",0
"WAGNER, A ",0.333333,"STADLER, P ",0
"WAGNER, A ",2.33333,"FELL, D ",0
"BERLOW, E ",0.583333,"DUNNE, J ",0
"BERLOW, E ",0.583333,"WILLIAMS, R ",0
"BERLOW, E ",0.25,"MARTINEZ, N ",0
"BERNARDES, A ",0.333333,"COSTA, U ",0
"BERNARDES, A ",0.333333,"ARAUJO, A ",0
"BERNARDES, A ",0.5,"KERTESZ, J ",0
"COSTA, U ",0.333333,"ARAUJO, A ",0
"KERTESZ, J ",0.5,"SZABO, G ",0
"KERTESZ, J ",0.5,"ALAVA, M ",0
"KERTESZ, J ",0.583333,"ONNELA, J ",0
"KERTESZ, J ",0.25,"CHAKRABORTI, A ",0
"KERTESZ, J ",0.25,"KANTO, A ",0
"KERTESZ, J ",0.333333,"JARISARAMAKI, J ",0
"KERTESZ, J ",0.5,"LAHTINEN, J ",0
"KERTESZ, J ",1.08333,"KASKI, K ",0
"BERNARD, H ",1.25,"KILLWORTH, P ",0
"BERNARD, H ",0.25,"EVANS, M ",0
"BERNARD, H ",0.25,"MCCARTY, C ",0
"BERNARD, H ",0.25,"SHELLEY, G ",0
"KILLWORTH, P ",0.25,"EVANS, M ",0
"KILLWORTH, P ",0.25,"MCCARTY, C ",0
"KILLWORTH, P ",0.25,"SHELLEY, G ",0
"EVANS, M ",0.25,"MCCARTY, C ",0
"EVANS, M ",0.25,"SHELLEY, G ",0
"MCCARTY, C ",0.25,"SHELLEY, G ",0
"BHAN, A ",0.5,"GALAS, D ",0
"BHAN, A ",0.5,"DEWEY, T ",0
"GALAS, D ",0.833333,"DEWEY, T ",0
"CAPOCCI, A ",1.16667,"CALDARELLI, G ",0
"CAPOCCI, A ",0.833333,"DELOSRIOS, P ",0
"CAPOCCI, A ",0.333333,"MUNOZ, M ",0
"CAPOCCI, A ",0.333333,"SERVEDIO, V ",0
"CAPOCCI, A ",0.333333,"COLAIORI, F ",0
"BILKE, S ",1,"PETERSON, C ",0
"BLANCHARD, P ",0.5,"CHANG, C ",0
"BLANCHARD, P ",0.5,"KRUGER, T ",0
"BLANCHARD, P ",0.5,"VOLCHENKOV, D ",0
"BLANCHARD, P ",0.5,"VOLCHENKOVA, L ",0
"CHANG, C ",0.5,"KRUGER, T ",0
"BLASIUS, B ",0.5,"HUPPERT, A ",0
"BLASIUS, B ",0.5,"STONE, L ",0
"HUPPERT, A ",0.5,"STONE, L ",0
"BLOWER, S ",0.5,"SAMUEL, M ",0
"BLOWER, S ",0.5,"WILEY, J ",0
"SAMUEL, M ",0.5,"WILEY, J ",0
"BOCCALETTI, S ",0.583333,"MAZA, D ",0
"BOCCALETTI, S ",0.583333,"AMANN, A ",0
"BOCCALETTI, S ",0.333333,"MORENO, Y ",0
"BOCCALETTI, S ",1.5,"VALLADARES, D ",0
"BOCCALETTI, S ",1,"VANNUCCHI, F ",0
"BOCCALETTI, S ",0.25,"OSIPOV, G ",0
"BOCCALETTI, S ",0.333333,"VALLONE, A ",0
"BOCCALETTI, S ",0.333333,"LOPEZRUIZ, R ",0
"BOCCALETTI, S ",0.5,"KURTHS, J ",0
"BOCCALETTI, S ",1.08333,"BRAGARD, J ",0
"BOCCALETTI, S ",0.583333,"CHAVEZ, M ",0
"BOCCALETTI, S ",0.916667,"HWANG, D ",0
"BOCCALETTI, S ",0.25,"MENDOZA, C ",0
"BOCCALETTI, S ",0.5,"HENTSCHEL, H ",0
"BOCCALETTI, S ",1.66667,"MANCINI, H ",0
"BOCCALETTI, S ",0.25,"ZHOU, C ",0
"BOCCALETTI, S ",0.5,"PELAEZ, A ",0
"BRAGARD, J ",1.08333,"MANCINI, H ",0
"BRAGARD, J ",0.25,"MENDOZA, C ",0
"BRAGARD, J ",0.25,"HENTSCHEL, H ",0
"MANCINI, H ",0.583333,"MAZA, D ",0
"MANCINI, H ",0.25,"KURTHS, J ",0
"MANCINI, H ",0.25,"VALLADARES, D ",0
"MANCINI, H ",0.333333,"VALLONE, A ",0
"MANCINI, H ",0.25,"MENDOZA, C ",0
"MANCINI, H ",0.25,"HENTSCHEL, H ",0
"KURTHS, J ",0.25,"MAZA, D ",0
"KURTHS, J ",0.333333,"SCHAFER, C ",0
"KURTHS, J ",0.333333,"ABEL, H ",0
"KURTHS, J ",2.47619,"PIKOVSKY, A ",0
"KURTHS, J ",1.75,"ZHOU, C ",0
"KURTHS, J ",0.333333,"ZAKS, M ",0
"KURTHS, J ",0.142857,"TASS, P ",0
"KURTHS, J ",0.142857,"WEULE, M ",0
"KURTHS, J ",0.142857,"VOLKMANN, J ",0
"KURTHS, J ",2.14286,"ROSENBLUM, M ",0
"KURTHS, J ",0.142857,"SCHNITZLER, A ",0
"KURTHS, J ",0.333333,"PARK, E ",0
"KURTHS, J ",0.5,"VALLADARES, D ",0
"KURTHS, J ",0.583333,"OSIPOV, G ",0
"KURTHS, J ",0.5,"MOTTER, A ",0
"KURTHS, J ",0.142857,"FREUND, H ",0
"VALLADARES, D ",0.25,"MAZA, D ",0
"VALLADARES, D ",0.25,"OSIPOV, G ",0
"VALLADARES, D ",0.25,"ZHOU, C ",0
"OSIPOV, G ",0.333333,"PIKOVSKY, A ",0
"OSIPOV, G ",0.333333,"ROSENBLUM, M ",0
"OSIPOV, G ",0.25,"ZHOU, C ",0
"ZHOU, C ",0.5,"MOTTER, A ",0
"MAZA, D ",0.333333,"VALLONE, A ",0
"BOGUNA, M ",0.25,"MORENO, Y ",0
"BOGUNA, M ",0.25,"VAZQUEZ, A ",0
"BOHLAND, J ",1,"MINAI, A ",0
"MINAI, A ",1,"LEVY, W ",0
"BOLLOBAS, B ",1.33333,"RIORDAN, O ",0
"BOLLOBAS, B ",0.333333,"SPENCER, J ",0
"BOLLOBAS, B ",0.333333,"TUSNADY, G ",0
"RIORDAN, O ",0.333333,"SPENCER, J ",0
"RIORDAN, O ",0.333333,"TUSNADY, G ",0
"SPENCER, J ",0.333333,"TUSNADY, G ",0
"BONANNO, G ",0.5,"LILLO, F ",0
"BONANNO, G ",0.5,"MANTEGNA, R ",0
"LILLO, F ",0.5,"MANTEGNA, R ",0
"BORDENS, M ",1,"GOMEZ, I ",0
"BORGATTI, S ",1,"EVERETT, M ",0
"BORGATTI, S ",1,"FOSTER, P ",0
"BORGATTI, S ",0.25,"WEEKS, M ",0
"BORGATTI, S ",0.25,"CLAIR, S ",0
"BORGATTI, S ",0.25,"RADDA, K ",0
"BORGATTI, S ",0.25,"SCHENSUL, J ",0
"BORGERS, C ",1,"KOPELL, N ",0
"KOPELL, N ",0.25,"BUHL, E ",0
"KOPELL, N ",1.25,"ERMENTROUT, B ",0
"KOPELL, N ",0.25,"WHITTINGTON, M ",0
"KOPELL, N ",0.25,"TRAUB, R ",0
"BORNHOLDT, S ",0.5,"MIELSCH, L ",0
"BORNHOLDT, S ",1,"REICHARDT, J ",0
"BORNHOLDT, S ",1,"DAVIDSEN, J ",0
"BORNHOLDT, S ",3.5,"EBEL, H ",0
"BORNHOLDT, S ",1,"ROHLF, T ",0
"BORNHOLDT, S ",1,"SCHUSTER, H ",0
"EBEL, H ",0.5,"MIELSCH, L ",0
"EBEL, H ",1,"DAVIDSEN, J ",0
"SCHUSTER, H ",0.333333,"NIEBUR, E ",0
"SCHUSTER, H ",0.333333,"KAMMEN, D ",0
"SCHUSTER, H ",0.333333,"KOCH, C ",0
"BOTA, M ",0.5,"DONG, H ",0
"BOTA, M ",0.5,"SWANSON, L ",0
"DONG, H ",0.5,"SWANSON, L ",0
"MENDOZA, C ",0.25,"HENTSCHEL, H ",0
"HENTSCHEL, H ",0.25,"AMANN, A ",0
"HENTSCHEL, H ",0.25,"CHAVEZ, M ",0
"HENTSCHEL, H ",0.25,"HWANG, D ",0
"BREIGER, R ",0.5,"ARABIE, P ",0
"BREIGER, R ",0.5,"WHITE, H ",0
"BREIGER, R ",1,"BOORMAN, S ",0
"BOORMAN, S ",0.5,"ARABIE, P ",0
"BOORMAN, S ",0.5,"WHITE, H ",0
"BRIN, S ",1.33333,"PAGE, L ",0
"BRIN, S ",0.333333,"MOTWANI, R ",0
"BRIN, S ",0.333333,"WINOGRAD, T ",0
"PAGE, L ",0.333333,"MOTWANI, R ",0
"PAGE, L ",0.333333,"WINOGRAD, T ",0
"BROADBENT, S ",1,"HAMMERSLEY, J ",0
"BRODER, A ",0.142857,"KUMAR, R ",0
"BRODER, A ",0.142857,"MAGHOUL, F ",0
"BRODER, A ",0.142857,"RAGHAVAN, P ",0
"BRODER, A ",0.142857,"RAJAGOPALAN, S ",0
"BRODER, A ",0.142857,"STATA, R ",0
"BRODER, A ",0.142857,"TOMKINS, A ",0
"BRODER, A ",0.142857,"WIENER, J ",0
"KUMAR, R ",0.142857,"MAGHOUL, F ",0
"KUMAR, R ",0.67619,"RAGHAVAN, P ",0
"KUMAR, R ",0.67619,"RAJAGOPALAN, S ",0
"KUMAR, R ",0.142857,"STATA, R ",0
"KUMAR, R ",0.67619,"TOMKINS, A ",0
"KUMAR, R ",0.142857,"WIENER, J ",0
"KUMAR, R ",0.2,"SIVAKUMAR, D ",0
"KUMAR, R ",0.2,"UPFAL, E ",0
"MAGHOUL, F ",0.142857,"RAGHAVAN, P ",0
"MAGHOUL, F ",0.142857,"RAJAGOPALAN, S ",0
"MAGHOUL, F ",0.142857,"STATA, R ",0
"MAGHOUL, F ",0.142857,"TOMKINS, A ",0
"MAGHOUL, F ",0.142857,"WIENER, J ",0
"RAGHAVAN, P ",0.92619,"TOMKINS, A ",0
"RAGHAVAN, P ",0.92619,"RAJAGOPALAN, S ",0
"RAGHAVAN, P ",0.142857,"STATA, R ",0
"RAGHAVAN, P ",0.25,"KUMAR, S ",0
"RAGHAVAN, P ",0.142857,"WIENER, J ",0
"RAGHAVAN, P ",0.2,"SIVAKUMAR, D ",0
"RAGHAVAN, P ",0.2,"UPFAL, E ",0
"RAGHAVAN, P ",0.25,"KLEINBERG, J ",0
"RAJAGOPALAN, S ",0.142857,"STATA, R ",0
"RAJAGOPALAN, S ",0.25,"KUMAR, S ",0
"RAJAGOPALAN, S ",0.142857,"WIENER, J ",0
"RAJAGOPALAN, S ",0.2,"SIVAKUMAR, D ",0
"RAJAGOPALAN, S ",0.2,"UPFAL, E ",0
"RAJAGOPALAN, S ",0.25,"KLEINBERG, J ",0
"RAJAGOPALAN, S ",0.92619,"TOMKINS, A ",0
"STATA, R ",0.142857,"TOMKINS, A ",0
"STATA, R ",0.142857,"WIENER, J ",0
"TOMKINS, A ",0.25,"KUMAR, S ",0
"TOMKINS, A ",0.142857,"WIENER, J ",0
"TOMKINS, A ",0.2,"SIVAKUMAR, D ",0
"TOMKINS, A ",0.2,"UPFAL, E ",0
"TOMKINS, A ",0.25,"KLEINBERG, J ",0
"BROIDA, A ",1,"CLAFFY, K ",0
"BUCHEL, C ",0.5,"COULL, J ",0
"BUCHEL, C ",0.5,"FRISTON, K ",0
"COULL, J ",0.5,"FRISTON, K ",0
"FRISTON, K ",0.333333,"FRACKOWIAK, R ",0
"FRISTON, K ",0.333333,"FRITH, C ",0
"FRISTON, K ",0.333333,"LIDDLE, P ",0
"BUCOLO, M ",0.5,"FORTUNA, L ",0
"BUCOLO, M ",0.5,"LAROSA, M ",0
"FORTUNA, L ",0.166667,"COSENZA, S ",0
"FORTUNA, L ",0.166667,"CRUCITTI, P ",0
"FORTUNA, L ",0.5,"FRASCA, M ",0
"FORTUNA, L ",0.166667,"STAGNI, C ",0
"FORTUNA, L ",0.166667,"USAI, L ",0
"FORTUNA, L ",1,"LAROSA, M ",0
"FORTUNA, L ",0.333333,"SPATA, A ",0
"LAROSA, M ",0.166667,"COSENZA, S ",0
"LAROSA, M ",0.166667,"CRUCITTI, P ",0
"LAROSA, M ",0.5,"FRASCA, M ",0
"LAROSA, M ",0.166667,"STAGNI, C ",0
"LAROSA, M ",0.333333,"SPATA, A ",0
"LAROSA, M ",0.166667,"USAI, L ",0
"BUHL, J ",0.166667,"GAUTRAIS, J ",0
"BUHL, J ",0.166667,"SOLE, R ",0
"BUHL, J ",0.166667,"KUNTZ, P ",0
"BUHL, J ",0.166667,"VALVERDE, S ",0
"BUHL, J ",0.166667,"DENEUBOURG, J ",0
"BUHL, J ",0.166667,"THERAULAZ, G ",0
"GAUTRAIS, J ",0.166667,"SOLE, R ",0
"GAUTRAIS, J ",0.166667,"KUNTZ, P ",0
"GAUTRAIS, J ",0.166667,"VALVERDE, S ",0
"GAUTRAIS, J ",0.166667,"DENEUBOURG, J ",0
"GAUTRAIS, J ",0.166667,"THERAULAZ, G ",0
"SOLE, R ",0.5,"KOHLER, R ",0
"SOLE, R ",0.5,"GARCIAFERNANDEZ, J ",0
"SOLE, R ",0.5,"CANCHO, R ",0
"SOLE, R ",0.166667,"THERAULAZ, G ",0
"SOLE, R ",0.5,"JANSSEN, C ",0
"SOLE, R ",2.5,"FERRERICANCHO, R ",0
"SOLE, R ",2,"MONTOYA, J ",0
"SOLE, R ",0.833333,"SMITH, E ",0
"SOLE, R ",3.16667,"VALVERDE, S ",0
"SOLE, R ",0.166667,"DENEUBOURG, J ",0
"SOLE, R ",0.166667,"KUNTZ, P ",0
"SOLE, R ",0.333333,"KEPLER, T ",0
"SOLE, R ",0.5,"SALAZARCIUDAD, I ",0
"KUNTZ, P ",1,"DEFRAYSSEIX, H ",0
"KUNTZ, P ",0.166667,"VALVERDE, S ",0
"KUNTZ, P ",0.166667,"DENEUBOURG, J ",0
"KUNTZ, P ",0.166667,"THERAULAZ, G ",0
"VALVERDE, S ",0.5,"CANCHO, R ",0
"VALVERDE, S ",0.166667,"DENEUBOURG, J ",0
"VALVERDE, S ",0.166667,"THERAULAZ, G ",0
"VALVERDE, S ",0.5,"FERRERICANCHO, R ",0
"DENEUBOURG, J ",0.166667,"THERAULAZ, G ",0
"BURDA, Z ",1,"KRZYWICKI, A ",0
"BURDA, Z ",0.5,"JURKIEWICZ, J ",0
"BURDA, Z ",0.5,"CORREIA, J ",0
"CORREIA, J ",0.5,"KRZYWICKI, A ",0
"KRZYWICKI, A ",0.5,"JURKIEWICZ, J ",0
"BURIONI, R ",0.5,"CASSI, D ",0
"BURIONI, R ",0.5,"VEZZANI, A ",0
"CASSI, D ",0.5,"VEZZANI, A ",0
"BURNS, G ",0.4,"KOTTER, R ",0
"BURNS, G ",0.4,"STEPHAN, K ",0
"BURNS, G ",2.1,"YOUNG, M ",0
"BURNS, G ",0.9,"HILGETAG, C ",0
"BURNS, G ",0.9,"ONEILL, M ",0
"BURNS, G ",0.7,"SCANNELL, J ",0
"BURNS, G ",0.2,"KAMPER, L ",0
"BURNS, G ",0.2,"BOZKURT, A ",0
"BURNS, G ",0.2,"BLACKMORE, C ",0
"YOUNG, M ",0.2,"KAMPER, L ",0
"YOUNG, M ",0.4,"KOTTER, R ",0
"YOUNG, M ",0.4,"STEPHAN, K ",0
"YOUNG, M ",1.9,"HILGETAG, C ",0
"YOUNG, M ",1.4,"ONEILL, M ",0
"YOUNG, M ",2.7,"SCANNELL, J ",0
"YOUNG, M ",0.333333,"KAISER, M ",0
"YOUNG, M ",0.333333,"SAGER, J ",0
"YOUNG, M ",0.333333,"CSARDI, G ",0
"YOUNG, M ",0.333333,"HAGA, P ",0
"YOUNG, M ",0.7,"BLACKMORE, C ",0
"YOUNG, M ",0.2,"BOZKURT, A ",0
"YOUNG, M ",0.2,"VEZOLI, J ",0
"YOUNG, M ",0.2,"FALCHIER, A ",0
"YOUNG, M ",0.2,"KNOBLAUCH, K ",0
"YOUNG, M ",0.2,"KENNEDY, H ",0
"YOUNG, M ",0.2,"JOUVE, B ",0
"YOUNG, M ",0.333333,"MARTIN, R ",0
"YOUNG, M ",0.333333,"ANDRAS, P ",0
"BUZSAKI, G ",1,"CHROBAK, J ",0
"BUZSAKI, G ",0.333333,"GEISLER, C ",0
"BUZSAKI, G ",0.333333,"HENZE, D ",0
"BUZSAKI, G ",1.33333,"WANG, X ",0
"GEISLER, C ",0.333333,"HENZE, D ",0
"GEISLER, C ",0.333333,"WANG, X ",0
"HENZE, D ",0.333333,"WANG, X ",0
"WANG, X ",1,"XU, J ",0
"WANG, X ",1,"CHEN, G ",0
"CALDARELLI, G ",1.33333,"DELOSRIOS, P ",0
"CALDARELLI, G ",0.333333,"MUNOZ, M ",0
"CALDARELLI, G ",0.5,"COCCETTI, F ",0
"CALDARELLI, G ",0.5,"PIETRONERO, L ",0
"CALDARELLI, G ",0.583333,"SERVEDIO, V ",0
"CALDARELLI, G ",0.333333,"COLAIORI, F ",0
"CALDARELLI, G ",0.75,"GARLASCHELLI, D ",0
"CALDARELLI, G ",0.25,"CASTRI, M ",0
"DELOSRIOS, P ",0.5,"COCCETTI, F ",0
"DELOSRIOS, P ",1,"PETERMANNN, T ",0
"DELOSRIOS, P ",0.333333,"MUNOZ, M ",0
"MUNOZ, M ",0.333333,"MARRO, J ",0
"MUNOZ, M ",0.333333,"TORRES, J ",0
"MUNOZ, M ",0.333333,"GARRIDO, P ",0
"MUNOZ, M ",1,"DONETTI, L ",0
"CALLAWAY, D ",0.25,"HOPCROFT, J ",0
"CALLAWAY, D ",0.25,"KLEINBERG, J ",0
"CALLAWAY, D ",0.583333,"STROGATZ, S ",0
"CALLAWAY, D ",0.333333,"WATTS, D ",0
"HOPCROFT, J ",0.25,"KLEINBERG, J ",0
"HOPCROFT, J ",0.25,"STROGATZ, S ",0
"KLEINBERG, J ",0.25,"KUMAR, S ",0
"KLEINBERG, J ",0.25,"STROGATZ, S ",0
"KLEINBERG, J ",1,"LAWRENCE, S ",0
"STROGATZ, S ",1,"YEUNG, M ",0
"STROGATZ, S ",0.5,"MATTHEWS, P ",0
"STROGATZ, S ",1.5,"MIROLLO, R ",0
"STROGATZ, S ",2.33333,"WATTS, D ",0
"WATTS, D ",1.5,"DODDS, P ",0
"WATTS, D ",0.5,"MUHAMAD, R ",0
"WATTS, D ",0.5,"SABEL, C ",0
"WATTS, D ",0.5,"MOORE, C ",0
"CAMPBELL, N ",1,"REECE, J ",0
"CAMPBELL, S ",0.5,"WANG, D ",0
"CAMPBELL, S ",0.5,"JAYAPRAKASH, C ",0
"WANG, D ",0.5,"JAYAPRAKASH, C ",0
"WANG, D ",1,"TERMAN, D ",0
"SERVEDIO, V ",0.333333,"COLAIORI, F ",0
"SERVEDIO, V ",0.25,"GARLASCHELLI, D ",0
"SERVEDIO, V ",0.25,"CASTRI, M ",0
"CARLSON, J ",1,"DOYLE, J ",0
"DOYLE, J ",1,"CSETE, M ",0
"CARRERAS, B ",0.833333,"LYNCH, V ",0
"CARRERAS, B ",0.333333,"DOBSON, I ",0
"CARRERAS, B ",0.666667,"NEWMAN, D ",0
"CARRERAS, B ",0.333333,"DOLROU, I ",0
"CARRERAS, B ",0.333333,"POOLE, A ",0
"CARRERAS, B ",0.5,"SACHTJEN, M ",0
"LYNCH, V ",0.333333,"DOBSON, I ",0
"LYNCH, V ",0.333333,"NEWMAN, D ",0
"LYNCH, V ",0.5,"SACHTJEN, M ",0
"DOBSON, I ",0.333333,"NEWMAN, D ",0
"NEWMAN, D ",0.333333,"DOLROU, I ",0
"NEWMAN, D ",0.333333,"POOLE, A ",0
"DOLROU, I ",0.333333,"POOLE, A ",0
"CARUSO, F ",0.333333,"RAPISARDA, A ",0
"CARUSO, F ",0.333333,"TADIC, B ",0
"CARUSO, F ",0.333333,"LATORA, V ",0
"LATORA, V ",3.5,"MARCHIORI, M ",0
"LATORA, V ",1,"PORTA, S ",0
"LATORA, V ",0.5,"PLUCHINO, A ",0
"LATORA, V ",1.16667,"RAPISARDA, A ",0
"LATORA, V ",0.333333,"TADIC, B ",0
"LATORA, V ",2.16667,"CRUCITTI, P ",0
"LATORA, V ",0.166667,"FRANCESCHI, C ",0
"LATORA, V ",0.5,"FORTUNATO, S ",0
"LATORA, V ",0.166667,"CASTELLANI, G ",0
"LATORA, V ",0.333333,"KINNEY, R ",0
"LATORA, V ",0.166667,"TIERI, P ",0
"LATORA, V ",0.166667,"VALENSIN, S ",0
"LATORA, V ",0.166667,"REMONDINI, D ",0
"RAPISARDA, A ",0.333333,"MARCHIORI, M ",0
"RAPISARDA, A ",0.5,"PLUCHINO, A ",0
"RAPISARDA, A ",0.333333,"TADIC, B ",0
"RAPISARDA, A ",0.333333,"CRUCITTI, P ",0
"TADIC, B ",1.5,"RODGERS, G ",0
"TADIC, B ",1.5,"THURNER, S ",0
"CASTELLANO, C ",0.25,"LORETO, V ",0
"CASTELLANO, C ",0.25,"PARISI, D ",0
"CASTELLANO, C ",0.5,"VILONE, D ",0
"CASTELLANO, C ",0.25,"RADICCHI, F ",0
"CASTELLANO, C ",0.25,"CECCONI, F ",0
"CATANIA, J ",0.333333,"COATES, T ",0
"CATANIA, J ",0.333333,"KEGELS, S ",0
"CATANIA, J ",0.333333,"FULLILOVE, M ",0
"COATES, T ",0.333333,"KEGELS, S ",0
"COATES, T ",0.333333,"FULLILOVE, M ",0
"KEGELS, S ",0.333333,"FULLILOVE, M ",0
"CHALLET, D ",1,"ZHANG, Y ",0
"ZHANG, Y ",0.2,"CERDEIRA, H ",0
"ZHANG, Y ",0.2,"CHEN, S ",0
"ZHANG, Y ",0.2,"BRAUN, T ",0
"ZHANG, Y ",0.2,"YAO, Y ",0
"ZHANG, Y ",0.2,"HU, G ",0
"CHAN, D ",0.333333,"HUGHES, B ",0
"CHAN, D ",0.333333,"LEONG, A ",0
"CHAN, D ",0.333333,"REED, W ",0
"HUGHES, B ",0.333333,"LEONG, A ",0
"HUGHES, B ",1.33333,"REED, W ",0
"LEONG, A ",0.333333,"REED, W ",0
"CHATE, H ",0.5,"RUDZICK, O ",0
"CHATE, H ",1,"GREGOIRE, G ",0
"CHATE, H ",0.5,"PIKOVSKY, A ",0
"PIKOVSKY, A ",0.142857,"TASS, P ",0
"PIKOVSKY, A ",0.142857,"WEULE, M ",0
"PIKOVSKY, A ",0.142857,"VOLKMANN, J ",0
"PIKOVSKY, A ",0.142857,"FREUND, H ",0
"PIKOVSKY, A ",0.142857,"SCHNITZLER, A ",0
"PIKOVSKY, A ",0.5,"RUDZICK, O ",0
"PIKOVSKY, A ",1.47619,"ROSENBLUM, M ",0
"CHAVEZ, M ",0.583333,"HWANG, D ",0
"CHAVEZ, M ",0.583333,"AMANN, A ",0
"HWANG, D ",0.333333,"MORENO, Y ",0
"HWANG, D ",0.333333,"LOPEZRUIZ, R ",0
"HWANG, D ",0.583333,"AMANN, A ",0
"CHEN, Q ",0.2,"SHENKER, S ",0
"CHEN, Q ",0.2,"WILLINGER, W ",0
"CHEN, Q ",0.2,"CHANG, H ",0
"CHEN, Q ",0.2,"GOVINDAN, R ",0
"CHEN, Q ",0.2,"JAMIN, S ",0
"CHANG, H ",0.2,"SHENKER, S ",0
"CHANG, H ",0.2,"WILLINGER, W ",0
"CHANG, H ",0.2,"GOVINDAN, R ",0
"CHANG, H ",0.2,"JAMIN, S ",0
"GOVINDAN, R ",0.2,"SHENKER, S ",0
"GOVINDAN, R ",0.2,"WILLINGER, W ",0
"GOVINDAN, R ",1,"TANGMUNARUNKIT, H ",0
"GOVINDAN, R ",0.2,"JAMIN, S ",0
"JAMIN, S ",0.2,"SHENKER, S ",0
"JAMIN, S ",0.2,"WILLINGER, W ",0
"SHENKER, S ",0.2,"WILLINGER, W ",0
"CHEN, Y ",0.5,"RANGARAJAN, G ",0
"CHEN, Y ",0.5,"DING, M ",0
"RANGARAJAN, G ",0.5,"DING, M ",0
"CHERNIAK, C ",0.333333,"MOKHTARZADA, Z ",0
"CHERNIAK, C ",0.333333,"RODRIGUEZESTEBAN, R ",0
"CHERNIAK, C ",0.833333,"CHANGIZI, M ",0
"CHERNIAK, C ",0.5,"KANG, D ",0
"CHANGIZI, M ",0.333333,"MOKHTARZADA, Z ",0
"CHANGIZI, M ",0.333333,"RODRIGUEZESTEBAN, R ",0
"CHANGIZI, M ",0.5,"KANG, D ",0
"MOKHTARZADA, Z ",0.333333,"RODRIGUEZESTEBAN, R ",0
"CHKLOVSKII, D ",1,"KOULAKOV, A ",0
"CHKLOVSKII, D ",0.25,"SJOSTROM, P ",0
"CHKLOVSKII, D ",0.2,"ITZKOVITZ, S ",0
"CHKLOVSKII, D ",0.2,"MILO, R ",0
"CHKLOVSKII, D ",0.2,"KASHTAN, N ",0
"CHKLOVSKII, D ",0.25,"NELSON, S ",0
"CHKLOVSKII, D ",0.25,"REIGL, M ",0
"CHKLOVSKII, D ",0.5,"MEL, B ",0
"CHKLOVSKII, D ",0.5,"SVOBODA, K ",0
"CHKLOVSKII, D ",0.2,"SHENORR, S ",0
"CHKLOVSKII, D ",0.25,"SONG, S ",0
"MEL, B ",0.5,"SVOBODA, K ",0
"CHOWELL, G ",0.5,"EUBANK, S ",0
"CHOWELL, G ",0.5,"HYMAN, J ",0
"HYMAN, J ",0.5,"EUBANK, S ",0
"CLAUSET, A ",0.5,"MOORE, C ",0
"MOORE, C ",0.5,"KALAPALA, V ",0
"MOORE, C ",0.5,"SANWALANI, V ",0
"MOORE, C ",0.5,"GHOSHAL, G ",0
"COHEN, J ",0.5,"BRIAND, F ",0
"COHEN, J ",0.5,"NEWMAN, C ",0
"BRIAND, F ",0.5,"NEWMAN, C ",0
"COHEN, R ",0.25,"SCHWARTZ, N ",0
"COHEN, R ",1.91667,"BENAVRAHAM, D ",0
"COHEN, R ",2.91667,"HAVLIN, S ",0
"COHEN, R ",0.333333,"EREZ, K ",0
"COHEN, R ",0.333333,"ROZENFELD, A ",0
"BENAVRAHAM, D ",0.25,"SCHWARTZ, N ",0
"BENAVRAHAM, D ",1.91667,"HAVLIN, S ",0
"BENAVRAHAM, D ",0.333333,"EREZ, K ",0
"BENAVRAHAM, D ",0.333333,"ROZENFELD, A ",0
"HAVLIN, S ",0.5,"SONG, C ",0
"HAVLIN, S ",0.5,"MAKSE, H ",0
"HAVLIN, S ",0.333333,"ROZENFELD, A ",0
"HAVLIN, S ",0.333333,"EREZ, K ",0
"HAVLIN, S ",0.25,"SCHWARTZ, N ",0
"CONNOR, R ",0.5,"HEITHAUS, M ",0
"CONNOR, R ",0.5,"BARRE, L ",0
"HEITHAUS, M ",0.5,"BARRE, L ",0
"COPPERSMITH, S ",0.5,"ZHANG, Z ",0
"COPPERSMITH, S ",0.5,"KADANOFF, L ",0
"KADANOFF, L ",0.5,"ZHANG, Z ",0
"CORDES, D ",0.142857,"HAUGHTON, V ",0
"CORDES, D ",0.142857,"ARFANAKIS, K ",0
"CORDES, D ",0.142857,"CAREW, J ",0
"CORDES, D ",0.142857,"TURSKI, P ",0
"CORDES, D ",0.142857,"MORITZ, C ",0
"CORDES, D ",0.142857,"QUIGLEY, M ",0
"CORDES, D ",0.142857,"MEYERAND, M ",0
"HAUGHTON, V ",0.142857,"ARFANAKIS, K ",0
"HAUGHTON, V ",0.142857,"CAREW, J ",0
"HAUGHTON, V ",0.142857,"TURSKI, P ",0
"HAUGHTON, V ",0.142857,"MORITZ, C ",0
"HAUGHTON, V ",0.142857,"QUIGLEY, M ",0
"HAUGHTON, V ",0.142857,"MEYERAND, M ",0
"ARFANAKIS, K ",0.142857,"CAREW, J ",0
"ARFANAKIS, K ",0.142857,"TURSKI, P ",0
"ARFANAKIS, K ",0.142857,"MORITZ, C ",0
"ARFANAKIS, K ",0.142857,"QUIGLEY, M ",0
"ARFANAKIS, K ",0.142857,"MEYERAND, M ",0
"CAREW, J ",0.142857,"TURSKI, P ",0
"CAREW, J ",0.142857,"MORITZ, C ",0
"CAREW, J ",0.142857,"QUIGLEY, M ",0
"CAREW, J ",0.142857,"MEYERAND, M ",0
"TURSKI, P ",0.142857,"MORITZ, C ",0
"TURSKI, P ",0.142857,"QUIGLEY, M ",0
"TURSKI, P ",0.142857,"MEYERAND, M ",0
"MORITZ, C ",0.142857,"QUIGLEY, M ",0
"MORITZ, C ",0.142857,"MEYERAND, M ",0
"QUIGLEY, M ",0.142857,"MEYERAND, M ",0
"CORMAN, S ",0.333333,"KUHN, T ",0
"CORMAN, S ",0.333333,"MCPHEE, R ",0
"CORMAN, S ",0.333333,"DOOLEY, K ",0
"KUHN, T ",0.333333,"MCPHEE, R ",0
"KUHN, T ",0.333333,"DOOLEY, K ",0
"MCPHEE, R ",0.333333,"DOOLEY, K ",0
"CORMEN, T ",0.333333,"STEIN, C ",0
"CORMEN, T ",0.333333,"LEISERSON, C ",0
"CORMEN, T ",0.333333,"RIVEST, R ",0
"LEISERSON, C ",0.333333,"STEIN, C ",0
"LEISERSON, C ",0.333333,"RIVEST, R ",0
"RIVEST, R ",0.333333,"STEIN, C ",0
"COSENZA, S ",0.166667,"CRUCITTI, P ",0
"COSENZA, S ",0.166667,"FRASCA, M ",0
"COSENZA, S ",0.166667,"STAGNI, C ",0
"COSENZA, S ",0.166667,"USAI, L ",0
"CRUCITTI, P ",0.833333,"MARCHIORI, M ",0
"CRUCITTI, P ",1,"PORTA, S ",0
"CRUCITTI, P ",0.333333,"KINNEY, R ",0
"CRUCITTI, P ",0.166667,"FRASCA, M ",0
"CRUCITTI, P ",0.166667,"STAGNI, C ",0
"CRUCITTI, P ",0.166667,"USAI, L ",0
"FRASCA, M ",0.333333,"SPATA, A ",0
"FRASCA, M ",0.166667,"STAGNI, C ",0
"FRASCA, M ",0.166667,"USAI, L ",0
"STAGNI, C ",0.166667,"USAI, L ",0
"CRIADO, R ",0.25,"FLORES, J ",0
"CRIADO, R ",0.583333,"HERNANDEZBERMEJO, B ",0
"CRIADO, R ",0.25,"PELLO, J ",0
"CRIADO, R ",0.583333,"ROMANCE, M ",0
"CRIADO, R ",0.333333,"GARCIADELAMO, A ",0
"FLORES, J ",0.25,"HERNANDEZBERMEJO, B ",0
"FLORES, J ",0.25,"PELLO, J ",0
"FLORES, J ",0.25,"ROMANCE, M ",0
"HERNANDEZBERMEJO, B ",0.25,"PELLO, J ",0
"HERNANDEZBERMEJO, B ",0.583333,"ROMANCE, M ",0
"HERNANDEZBERMEJO, B ",0.333333,"GARCIADELAMO, A ",0
"PELLO, J ",0.25,"ROMANCE, M ",0
"ROMANCE, M ",0.333333,"GARCIADELAMO, A ",0
"CRICK, F ",1,"KOCH, C ",0
"KOCH, C ",0.333333,"NIEBUR, E ",0
"KOCH, C ",0.333333,"KAMMEN, D ",0
"KOCH, C ",0.5,"RESS, G ",0
"KOCH, C ",0.5,"KREIMAN, G ",0
"KOCH, C ",1,"LAURENT, G ",0
"MARCHIORI, M ",0.166667,"FRANCESCHI, C ",0
"MARCHIORI, M ",0.5,"FORTUNATO, S ",0
"MARCHIORI, M ",0.166667,"TIERI, P ",0
"MARCHIORI, M ",0.166667,"VALENSIN, S ",0
"MARCHIORI, M ",0.166667,"CASTELLANI, G ",0
"MARCHIORI, M ",0.166667,"REMONDINI, D ",0
"CSANYI, G ",1,"SZENDROI, B ",0
"CUNHA, C ",0.5,"CROVELLA, M ",0
"CUNHA, C ",0.5,"BESTAVROS, A ",0
"BESTAVROS, A ",0.5,"CROVELLA, M ",0
"CVETKOVIC, D ",0.5,"DOOB, M ",0
"CVETKOVIC, D ",0.5,"SACHS, H ",0
"DOOB, M ",0.5,"SACHS, H ",0
"DAFONTOURACOSTA, L ",0.333333,"AHARONY, A ",0
"DAFONTOURACOSTA, L ",0.333333,"ADLER, J ",0
"DAFONTOURACOSTA, L ",1,"DIAMBRA, L ",0
"DALEY, D ",1,"KENDALL, D ",0
"DALEY, D ",1,"GANI, J ",0
"DALL, J ",1,"CHRISTENSEN, M ",0
"DAVIS, A ",0.5,"GARDNER, B ",0
"DAVIS, A ",0.5,"GARDNER, M ",0
"GARDNER, B ",0.5,"GARDNER, M ",0
"DAVIS, G ",1,"GREVE, H ",0
"DAVIS, G ",0.5,"YOO, M ",0
"DEARCANGELIS, L ",1,"HERRMANN, H ",0
"HERRMANN, H ",0.5,"HONG, D ",0
"HERRMANN, H ",0.5,"GONZALES, M ",0
"HERRMANN, H ",0.5,"SOUSA, A ",0
"HERRMANN, H ",1,"ROUX, S ",0
"DECASTRO, R ",1,"GROSSMAN, J ",0
"GROSSMAN, J ",1,"ION, P ",0
"DEFFUANT, G ",0.333333,"AMBLARD, F ",0
"DEFFUANT, G ",0.333333,"WEISBUCH, G ",0
"DEFFUANT, G ",0.333333,"NEAU, D ",0
"NEAU, D ",0.333333,"AMBLARD, F ",0
"NEAU, D ",0.333333,"WEISBUCH, G ",0
"AMBLARD, F ",0.333333,"WEISBUCH, G ",0
"DELIMAESILVA, D ",0.142857,"MEDEIROSSOARES, M ",0
"DELIMAESILVA, D ",0.142857,"HENRIQUES, M ",0
"DELIMAESILVA, D ",0.142857,"SCHIVANIALVES, M ",0
"DELIMAESILVA, D ",0.142857,"DEAGUILAR, S ",0
"DELIMAESILVA, D ",0.142857,"DECARVALHO, T ",0
"DELIMAESILVA, D ",0.142857,"CORSO, G ",0
"DELIMAESILVA, D ",0.142857,"LUCENA, L ",0
"MEDEIROSSOARES, M ",0.142857,"HENRIQUES, M ",0
"MEDEIROSSOARES, M ",0.142857,"SCHIVANIALVES, M ",0
"MEDEIROSSOARES, M ",0.142857,"DEAGUILAR, S ",0
"MEDEIROSSOARES, M ",0.142857,"DECARVALHO, T ",0
"MEDEIROSSOARES, M ",0.642857,"CORSO, G ",0
"MEDEIROSSOARES, M ",0.642857,"LUCENA, L ",0
"HENRIQUES, M ",0.142857,"SCHIVANIALVES, M ",0
"HENRIQUES, M ",0.142857,"DEAGUILAR, S ",0
"HENRIQUES, M ",0.142857,"DECARVALHO, T ",0
"HENRIQUES, M ",0.142857,"CORSO, G ",0
"HENRIQUES, M ",0.142857,"LUCENA, L ",0
"SCHIVANIALVES, M ",0.142857,"DEAGUILAR, S ",0
"SCHIVANIALVES, M ",0.142857,"DECARVALHO, T ",0
"SCHIVANIALVES, M ",0.142857,"CORSO, G ",0
"SCHIVANIALVES, M ",0.142857,"LUCENA, L ",0
"DEAGUILAR, S ",0.142857,"DECARVALHO, T ",0
"DEAGUILAR, S ",0.142857,"CORSO, G ",0
"DEAGUILAR, S ",0.142857,"LUCENA, L ",0
"DECARVALHO, T ",0.142857,"CORSO, G ",0
"DECARVALHO, T ",0.142857,"LUCENA, L ",0
"CORSO, G ",0.642857,"LUCENA, L ",0
"DELUCIA, M ",0.333333,"BOTTACCIO, M ",0
"DELUCIA, M ",0.333333,"MONTUORI, M ",0
"DELUCIA, M ",0.333333,"PIETRONERO, L ",0
"BOTTACCIO, M ",0.333333,"MONTUORI, M ",0
"BOTTACCIO, M ",0.333333,"PIETRONERO, L ",0
"MONTUORI, M ",0.333333,"PIETRONERO, L ",0
"PIETRONERO, L ",0.5,"GARLASCHELLI, D ",0
"DEMENEZES, M ",0.5,"PENNA, T ",0
"DEMENEZES, M ",1.5,"MOUKARZEL, C ",0
"MOUKARZEL, C ",0.5,"PENNA, T ",0
"DEMERS, A ",0.25,"GREENE, D ",0
"DEMERS, A ",0.25,"HAUSER, C ",0
"DEMERS, A ",0.25,"IRISH, W ",0
"DEMERS, A ",0.25,"LARSON, J ",0
"GREENE, D ",0.25,"HAUSER, C ",0
"GREENE, D ",0.25,"IRISH, W ",0
"GREENE, D ",0.25,"LARSON, J ",0
"HAUSER, C ",0.25,"IRISH, W ",0
"HAUSER, C ",0.25,"LARSON, J ",0
"IRISH, W ",0.25,"LARSON, J ",0
"DEMOURA, A ",0.333333,"LAI, Y ",0
"DEMOURA, A ",0.833333,"MOTTER, A ",0
"DEMOURA, A ",0.5,"GREBOGI, C ",0
"DEMOURA, A ",0.333333,"DASGUPTA, P ",0
"MOTTER, A ",0.333333,"DASGUPTA, P ",0
"MOTTER, A ",0.833333,"NISHIKAWA, T ",0
"MOTTER, A ",2.16667,"LAI, Y ",0
"MOTTER, A ",0.333333,"HOPPENSTEADT, F ",0
"MOTTER, A ",0.5,"GREBOGI, C ",0
"DERRIDA, B ",1,"FLYVBJERG, H ",0
"DERRIDA, B ",0.5,"GARDNER, E ",0
"DERRIDA, B ",0.5,"ZIPPELIUS, A ",0
"GARDNER, E ",0.5,"ZIPPELIUS, A ",0
"ZIPPELIUS, A ",1,"KREE, R ",0
"DESHAZER, D ",0.333333,"BREBAN, R ",0
"DESHAZER, D ",0.333333,"OTT, E ",0
"DESHAZER, D ",0.333333,"ROY, R ",0
"BREBAN, R ",0.333333,"OTT, E ",0
"BREBAN, R ",0.333333,"ROY, R ",0
"OTT, E ",0.333333,"ROY, R ",0
"OTT, E ",0.5,"HESS, M ",0
"OTT, E ",0.5,"ROSA, E ",0
"OTT, E ",0.5,"RESTREPO, J ",0
"OTT, E ",0.5,"HUNT, B ",0
"ROY, R ",1,"VANWIGGEREN, G ",0
"ROY, R ",1,"MEESTER, R ",0
"ROY, R ",0.25,"ROGISTER, F ",0
"ROY, R ",0.25,"THORNBURG, K ",0
"ROY, R ",0.25,"FABINY, L ",0
"ROY, R ",0.25,"MOLLER, M ",0
"DESTEXHE, A ",1,"MARDER, E ",0
"DIEKMANN, O ",1,"HEESTERBEEK, J ",0
"DOBRIN, R ",0.333333,"BEG, Q ",0
"DODDS, P ",0.5,"MUHAMAD, R ",0
"DODDS, P ",1,"ROTHMAN, D ",0
"DODDS, P ",0.5,"SABEL, C ",0
"DODEL, S ",0.5,"GEISEL, T ",0
"DODEL, S ",0.5,"HERRMANN, J ",0
"HERRMANN, J ",0.5,"GEISEL, T ",0
"GEISEL, T ",0.5,"TIMME, M ",0
"GEISEL, T ",0.5,"WOLF, F ",0
"GEISEL, T ",0.5,"HUFNAGEL, L ",0
"GEISEL, T ",0.5,"BROCKMANN, D ",0
"DONATH, W ",1,"HOFFMAN, A ",0
"DOROGOVTSEV, S ",1,"GOLTSEV, A ",0
"DOROGOVTSEV, S ",1.5,"SAMUKHIN, A ",0
"DOROGOVTSEV, S ",2.5,"MENDES, J ",0
"DOROGOVTSEV, S ",0.5,"RAMASCO, J ",0
"GOLTSEV, A ",1,"MENDES, J ",0
"MENDES, J ",0.5,"SAMUKHIN, A ",0
"DU, D ",1,"GU, J ",0
"DUNNE, J ",1.08333,"WILLIAMS, R ",0
"DUNNE, J ",0.75,"MARTINEZ, N ",0
"WILLIAMS, R ",0.75,"MARTINEZ, N ",0
"EAMES, K ",1,"KEELING, M ",0
"ECHENIQUE, P ",0.833333,"GOMEZGARDENES, J ",0
"ECHENIQUE, P ",0.833333,"MORENO, Y ",0
"ECHENIQUE, P ",0.333333,"VAZQUEZ, A ",0
"GOMEZGARDENES, J ",2.33333,"MORENO, Y ",0
"GOMEZGARDENES, J ",0.333333,"VAZQUEZ, A ",0
"GOMEZGARDENES, J ",0.5,"FLORIA, L ",0
"MORENO, Y ",1,"NEKOVEE, M ",0
"MORENO, Y ",2.91667,"VAZQUEZ, A ",0
"MORENO, Y ",0.5,"VAZQUEZPRADA, M ",0
"MORENO, Y ",0.5,"FLORIA, L ",0
"MORENO, Y ",0.333333,"LOPEZRUIZ, R ",0
"MORENO, Y ",0.5,"GOMEZ, J ",0
"MORENO, Y ",2.5,"PACHECO, A ",0
"VAZQUEZ, A ",0.333333,"LEONE, M ",0
"VAZQUEZ, A ",0.333333,"FLAMMINI, A ",0
"VAZQUEZ, A ",0.333333,"ZECCHINA, R ",0
"VAZQUEZ, A ",1,"SOFFER, S ",0
"ECKMANN, J ",1,"MOSES, E ",0
"EGGHE, L ",1,"ROUSSEAU, R ",0
"EGUILUZ, V ",0.5,"SUCHECKI, K ",0
"EGUILUZ, V ",0.25,"CHIALVO, D ",0
"EGUILUZ, V ",0.25,"CECCHI, G ",0
"EGUILUZ, V ",0.25,"BALIKI, M ",0
"EGUILUZ, V ",0.25,"APKARIAN, A ",0
"EGUILUZ, V ",2,"KLEMM, K ",0
"EGUILUZ, V ",0.5,"ZIMMERMANN, M ",0
"CHIALVO, D ",0.333333,"HILGETAG, C ",0
"CHIALVO, D ",0.333333,"SPORNS, O ",0
"CHIALVO, D ",0.25,"CECCHI, G ",0
"CHIALVO, D ",0.25,"BALIKI, M ",0
"CHIALVO, D ",0.25,"APKARIAN, A ",0
"CHIALVO, D ",0.333333,"KAISER, M ",0
"CECCHI, G ",1,"SIGMAN, M ",0
"CECCHI, G ",0.25,"APKARIAN, A ",0
"CECCHI, G ",0.25,"BALIKI, M ",0
"BALIKI, M ",0.25,"APKARIAN, A ",0
"EIGEN, M ",1,"SCHUSTER, P ",0
"EISENBERG, D ",0.533333,"MARCOTTE, E ",0
"EISENBERG, D ",0.533333,"XENARIOS, I ",0
"EISENBERG, D ",0.333333,"YEATES, T ",0
"EISENBERG, D ",0.2,"RICE, D ",0
"EISENBERG, D ",0.2,"SALWINSKI, L ",0
"EISENBERG, D ",0.2,"BARON, M ",0
"MARCOTTE, E ",0.533333,"XENARIOS, I ",0
"MARCOTTE, E ",0.333333,"YEATES, T ",0
"MARCOTTE, E ",0.2,"RICE, D ",0
"MARCOTTE, E ",0.2,"SALWINSKI, L ",0
"MARCOTTE, E ",0.2,"BARON, M ",0
"XENARIOS, I ",0.333333,"YEATES, T ",0
"XENARIOS, I ",0.2,"RICE, D ",0
"XENARIOS, I ",0.2,"SALWINSKI, L ",0
"XENARIOS, I ",0.2,"BARON, M ",0
"EISENBERG, E ",1,"LEVANON, E ",0
"ENGEL, A ",0.333333,"GRAY, C ",0
"ENGEL, A ",0.333333,"KONIG, P ",0
"ENGEL, A ",0.5,"FRIES, P ",0
"ENGEL, A ",0.833333,"SINGER, W ",0
"ENGEL, A ",0.333333,"MOLL, C ",0
"ENGEL, A ",0.333333,"FRIED, I ",0
"ENGEL, A ",0.333333,"OJEMANN, G ",0
"FRIES, P ",0.5,"SINGER, W ",0
"SINGER, W ",0.333333,"KONIG, P ",0
"SINGER, W ",0.333333,"GRAY, C ",0
"MOLL, C ",0.333333,"FRIED, I ",0
"MOLL, C ",0.333333,"OJEMANN, G ",0
"FRIED, I ",0.333333,"OJEMANN, G ",0
"ERDOS, P ",1,"RENYI, A ",0
"ERGUN, G ",1,"RODGERS, G ",0
"RODGERS, G ",0.5,"THURNER, S ",0
"RODGERS, G ",1,"DARBYDOWMAN, K ",0
"ERIKSEN, K ",0.333333,"SIMONSEN, I ",0
"ERIKSEN, K ",0.333333,"MASLOV, S ",0
"SIMONSEN, I ",0.333333,"MASLOV, S ",0
"MASLOV, S ",0.5,"ZALIZNYAK, A ",0
"FABRIKANT, A ",0.5,"KOUTSOUPIAS, E ",0
"FABRIKANT, A ",0.5,"PAPADIMITRIOU, C ",0
"KOUTSOUPIAS, E ",0.5,"PAPADIMITRIOU, C ",0
"FALOUTSOS, M ",0.5,"FALOUTSOS, P ",0
"FALOUTSOS, M ",0.5,"FALOUTSOS, C ",0
"FALOUTSOS, P ",0.5,"FALOUTSOS, C ",0
"FARARO, T ",1,"SUNSHINE, M ",0
"FARKAS, I ",0.458333,"DERENYI, I ",0
"FAUST, K ",0.333333,"WILLERT, K ",0
"FAUST, K ",0.333333,"ROWLEE, D ",0
"FAUST, K ",0.333333,"SKVORETZ, J ",0
"WILLERT, K ",0.333333,"ROWLEE, D ",0
"WILLERT, K ",0.333333,"SKVORETZ, J ",0
"ROWLEE, D ",0.333333,"SKVORETZ, J ",0
"FELL, D ",0.333333,"GLEISS, P ",0
"FELL, D ",0.333333,"STADLER, P ",0
"FELLEMAN, D ",1,"VANESSEN, D ",0
"FEMAT, R ",1,"SOLISPERALES, G ",0
"FERGUSON, N ",1,"GARNETT, G ",0
"FERRERICANCHO, R ",0.5,"KOHLER, R ",0
"FERRERICANCHO, R ",0.5,"JANSSEN, C ",0
"FIDUCCIA, C ",1,"MATTHEYSES, R ",0
"FILATRELLA, G ",0.5,"STRAUGHN, B ",0
"FILATRELLA, G ",0.5,"BARBARA, P ",0
"STRAUGHN, B ",0.5,"BARBARA, P ",0
"FINGELKURTS, A ",1,"KAHKONEN, S ",0
"FINK, K ",0.333333,"JOHNSON, G ",0
"FINK, K ",0.333333,"CARROLL, T ",0
"JOHNSON, G ",0.333333,"CARROLL, T ",0
"CARROLL, T ",0.5,"HEAGY, J ",0
"FLAKE, G ",0.333333,"COETZEE, F ",0
"FLAKE, G ",0.25,"PENNOCK, D ",0
"FLAKE, G ",0.25,"GLOVER, E ",0
"FLAKE, G ",0.583333,"LAWRENCE, S ",0
"FLAKE, G ",0.583333,"GILES, C ",0
"LAWRENCE, S ",1.58333,"GILES, C ",0
"LAWRENCE, S ",0.333333,"COETZEE, F ",0
"LAWRENCE, S ",0.25,"PENNOCK, D ",0
"LAWRENCE, S ",0.25,"GLOVER, E ",0
"GILES, C ",0.333333,"COETZEE, F ",0
"GILES, C ",0.25,"PENNOCK, D ",0
"GILES, C ",0.25,"GLOVER, E ",0
"FONTES, L ",1,"SCHONMANN, R ",0
"FOSTER, I ",1,"KESSELMAN, C ",0
"FOSTER, I ",1,"IAMNITCHI, A ",0
"FOSTER, I ",1,"RIPEANU, M ",0
"FOX, J ",1,"HILL, C ",0
"FRANK, O ",1,"STRAUSS, D ",0
"FRITH, C ",0.333333,"FRACKOWIAK, R ",0
"FRITH, C ",0.333333,"LIDDLE, P ",0
"LIDDLE, P ",0.333333,"FRACKOWIAK, R ",0
"FRONCZAK, A ",0.5,"FRONCZAK, P ",0
"FRONCZAK, A ",0.333333,"JEDYNAK, M ",0
"FRONCZAK, A ",0.333333,"SIENKIEWICZ, J ",0
"JEDYNAK, M ",0.333333,"SIENKIEWICZ, J ",0
"FUJISAKA, H ",1,"YAMADA, T ",0
"GADE, P ",1,"HU, C ",0
"GAFIYCHUK, V ",0.5,"LUBASHEVSKY, I ",0
"GAFIYCHUK, V ",0.5,"STOSYK, A ",0
"LUBASHEVSKY, I ",0.5,"STOSYK, A ",0
"GALASKIEWICZ, J ",1,"MARSDEN, P ",0
"GALSTYAN, A ",1,"LERMAN, K ",0
"GAMMAITONI, L ",0.333333,"HANGGI, P ",0
"GAMMAITONI, L ",0.333333,"JUNG, P ",0
"GAMMAITONI, L ",0.333333,"MARCHESONI, F ",0
"HANGGI, P ",0.333333,"JUNG, P ",0
"HANGGI, P ",0.333333,"MARCHESONI, F ",0
"JUNG, P ",0.333333,"MARCHESONI, F ",0
"GAO, Z ",0.5,"HU, B ",0
"GAO, Z ",0.5,"HU, G ",0
"HU, B ",0.5,"ZHENG, Z ",0
"HU, B ",1,"HU, G ",0
"HU, G ",0.2,"CERDEIRA, H ",0
"HU, G ",0.2,"CHEN, S ",0
"HU, G ",0.2,"BRAUN, T ",0
"HU, G ",0.2,"YAO, Y ",0
"HU, G ",0.5,"ZHAN, M ",0
"HU, G ",0.5,"ZHENG, Z ",0
"HU, G ",1,"YANG, J ",0
"HU, G ",0.5,"LIU, W ",0
"GAREY, M ",1,"JOHNSON, D ",0
"GARFINKEL, I ",0.5,"GLEI, D ",0
"GARFINKEL, I ",0.5,"MCLANAHAN, S ",0
"GLEI, D ",0.5,"MCLANAHAN, S ",0
"GARLASCHELLI, D ",1,"LOFFREDO, M ",0
"GARLASCHELLI, D ",0.25,"CASTRI, M ",0
"GAUTHIER, D ",0.5,"HALL, G ",0
"GAUTHIER, D ",0.5,"BAHAR, S ",0
"GAUTHIER, D ",1,"BIENFANG, J ",0
"GIOT, L ",0.0526316,"GODWIN, B ",0
"GIOT, L ",0.0526316,"CONOVER, D ",0
"GIOT, L ",0.0526316,"KALBFLEISCH, T ",0
"GIOT, L ",0.0526316,"VIJAYADAMODAR, G ",0
"GIOT, L ",0.0526316,"YANG, M ",0
"GIOT, L ",0.0526316,"JOHNSTON, M ",0
"GIOT, L ",0.0526316,"FIELDS, S ",0
"GIOT, L ",0.0526316,"ROTHBERG, J ",0
"GIOT, L ",0.0526316,"UETZ, P ",0
"GIOT, L ",0.0526316,"CAGNEY, G ",0
"GIOT, L ",0.0526316,"MANSFIELD, T ",0
"GIOT, L ",0.0526316,"JUDSON, R ",0
"GIOT, L ",0.0526316,"KNIGHT, J ",0
"GIOT, L ",0.0526316,"LOCKSHON, D ",0
"GIOT, L ",0.0526316,"NARAYAN, V ",0
"GIOT, L ",0.0526316,"SRINIVASAN, M ",0
"GIOT, L ",0.0526316,"POCHART, P ",0
"GIOT, L ",0.0526316,"QURESHIEMILI, A ",0
"GIOT, L ",0.0526316,"LI, Y ",0
"GIRVAN, M ",0.5,"JIN, E ",0
"GLANZ, J ",1,"PEREZPENA, R ",0
"GLEISS, P ",0.333333,"STADLER, P ",0
"GOH, K ",0.333333,"GHIM, C ",0
"GOH, K ",2.08333,"KAHNG, B ",0
"GOH, K ",2.08333,"KIM, D ",0
"GOH, K ",0.333333,"LEE, D ",0
"GOH, K ",0.583333,"OH, E ",0
"GOH, K ",0.333333,"KIM, J ",0
"GHIM, C ",0.333333,"KAHNG, B ",0
"GHIM, C ",0.333333,"KIM, D ",0
"KAHNG, B ",0.5,"KIM, S ",0
"KAHNG, B ",0.5,"PARK, Y ",0
"KAHNG, B ",0.333333,"HONG, H ",0
"KAHNG, B ",0.833333,"RHO, K ",0
"KAHNG, B ",2.08333,"KIM, D ",0
"KAHNG, B ",0.333333,"LEE, D ",0
"KAHNG, B ",0.916667,"OH, E ",0
"KAHNG, B ",0.666667,"KIM, J ",0
"KAHNG, B ",0.5,"JUNG, S ",0
"KIM, D ",0.333333,"LEE, D ",0
"KIM, D ",0.583333,"OH, E ",0
"KIM, D ",0.333333,"KIM, J ",0
"OH, E ",0.333333,"HONG, H ",0
"OH, E ",0.333333,"RHO, K ",0
"GOLDBERG, D ",0.333333,"NICHOLS, D ",0
"GOLDBERG, D ",0.333333,"OKI, B ",0
"GOLDBERG, D ",0.333333,"TERRY, D ",0
"NICHOLS, D ",0.333333,"OKI, B ",0
"NICHOLS, D ",0.333333,"TERRY, D ",0
"OKI, B ",0.333333,"TERRY, D ",0
"GOLDBETER, A ",0.5,"HALLY, J ",0
"GOLDBETER, A ",0.75,"GONZE, D ",0
"GOLDBETER, A ",0.25,"HOUART, G ",0
"GOLDBETER, A ",0.25,"LELOUP, J ",0
"GOLDBETER, A ",0.333333,"IGOSHIN, O ",0
"GOLDBETER, A ",0.333333,"KAISER, D ",0
"GOLDBETER, A ",0.25,"DUPONT, G ",0
"GOLDBETER, A ",0.333333,"OSTER, G ",0
"GONZE, D ",0.25,"HOUART, G ",0
"GONZE, D ",0.25,"LELOUP, J ",0
"GONZE, D ",0.25,"DUPONT, G ",0
"GONZE, D ",0.5,"HALLY, J ",0
"HOUART, G ",0.25,"LELOUP, J ",0
"HOUART, G ",0.25,"DUPONT, G ",0
"LELOUP, J ",0.25,"DUPONT, G ",0
"GOLDWASSER, L ",1,"ROUGHGARDEN, J ",0
"GOLOMB, D ",1,"HANSEL, D ",0
"GOLOMB, D ",1,"RINZEL, J ",0
"HANSEL, D ",1,"SOMPOLINSKY, H ",0
"GOLUB, G ",1,"VANLOAN, C ",0
"GONZALES, M ",0.5,"SOUSA, A ",0
"SOUSA, A ",0.333333,"YUSONG, T ",0
"SOUSA, A ",0.333333,"MUREN, L ",0
"SOUSA, A ",0.333333,"LINGJIANG, K ",0
"GOODHILL, A ",0.5,"WILLSHAW, D ",0
"GOODHILL, A ",0.5,"SIMMEN, M ",0
"SIMMEN, M ",0.5,"WILLSHAW, D ",0
"GOODMAN, M ",0.333333,"HALL, D ",0
"GOODMAN, M ",0.333333,"AVERY, L ",0
"GOODMAN, M ",0.333333,"LOCKERY, S ",0
"HALL, D ",0.333333,"AVERY, L ",0
"HALL, D ",0.333333,"LOCKERY, S ",0
"AVERY, L ",0.333333,"LOCKERY, S ",0
"GRAY, C ",0.333333,"KONIG, P ",0
"GROSS, J ",0.2,"TIMMERMANN, L ",0
"GROSS, J ",1.2,"SCHNITZLER, A ",0
"GROSS, J ",0.2,"SALMELIN, R ",0
"GROSS, J ",0.2,"KUJALA, J ",0
"GROSS, J ",0.2,"HAMALAINEN, M ",0
"KUJALA, J ",0.2,"TIMMERMANN, L ",0
"KUJALA, J ",0.2,"SCHNITZLER, A ",0
"KUJALA, J ",0.2,"SALMELIN, R ",0
"KUJALA, J ",0.2,"HAMALAINEN, M ",0
"HAMALAINEN, M ",0.25,"HARI, R ",0
"HAMALAINEN, M ",0.25,"ILMONIEMI, R ",0
"HAMALAINEN, M ",0.25,"KNUUTILA, J ",0
"HAMALAINEN, M ",0.25,"LOUNASMAA, O ",0
"HAMALAINEN, M ",0.2,"TIMMERMANN, L ",0
"HAMALAINEN, M ",0.2,"SCHNITZLER, A ",0
"HAMALAINEN, M ",0.2,"SALMELIN, R ",0
"TIMMERMANN, L ",0.2,"SCHNITZLER, A ",0
"TIMMERMANN, L ",0.2,"SALMELIN, R ",0
"SCHNITZLER, A ",0.142857,"TASS, P ",0
"SCHNITZLER, A ",0.142857,"WEULE, M ",0
"SCHNITZLER, A ",0.142857,"VOLKMANN, J ",0
"SCHNITZLER, A ",0.142857,"ROSENBLUM, M ",0
"SCHNITZLER, A ",0.2,"SALMELIN, R ",0
"SCHNITZLER, A ",0.142857,"FREUND, H ",0
"GUARDIOLA, X ",0.333333,"LLAS, M ",0
"GUARDIOLA, X ",0.333333,"PEREZ, C ",0
"LLAS, M ",0.333333,"PEREZ, C ",0
"GUELZIM, N ",0.333333,"BOTTANI, S ",0
"GUELZIM, N ",0.333333,"BOURGINE, P ",0
"GUELZIM, N ",0.333333,"KEPES, F ",0
"BOTTANI, S ",0.333333,"BOURGINE, P ",0
"BOTTANI, S ",0.333333,"KEPES, F ",0
"BOURGINE, P ",0.333333,"KEPES, F ",0
"MOSSA, S ",0.333333,"TURTSCHI, A ",0
"HALL, G ",0.5,"BAHAR, S ",0
"HARI, R ",0.25,"ILMONIEMI, R ",0
"HARI, R ",0.25,"KNUUTILA, J ",0
"HARI, R ",0.25,"LOUNASMAA, O ",0
"ILMONIEMI, R ",0.25,"KNUUTILA, J ",0
"ILMONIEMI, R ",0.25,"LOUNASMAA, O ",0
"KNUUTILA, J ",0.25,"LOUNASMAA, O ",0
"HANDCOCK, M ",2,"JONES, J ",0
"HANDCOCK, M ",0.5,"HOFF, P ",0
"HANDCOCK, M ",0.5,"RAFTERY, A ",0
"SOMPOLINSKY, H ",1,"CRISANTI, A ",0
"SOMPOLINSKY, H ",1,"VANVREESWIJK, C ",0
"HARWELL, L ",0.333333,"HOPFIELD, J ",0
"HARWELL, L ",0.333333,"LEIBLER, S ",0
"HARWELL, L ",0.333333,"MURRAY, A ",0
"HOPFIELD, J ",0.333333,"LEIBLER, S ",0
"HOPFIELD, J ",0.333333,"MURRAY, A ",0
"LEIBLER, S ",0.333333,"MURRAY, A ",0
"HEGSELMANN, R ",1,"KRAUSE, U ",0
"HE, M ",0.5,"XU, H ",0
"HE, M ",0.5,"SUN, Q ",0
"XU, H ",0.5,"SUN, Q ",0
"HERRMANN, C ",0.5,"PROVERO, P ",0
"HILGETAG, C ",0.7,"KOTTER, R ",0
"HILGETAG, C ",0.7,"STEPHAN, K ",0
"HILGETAG, C ",1.4,"ONEILL, M ",0
"HILGETAG, C ",1.2,"SCANNELL, J ",0
"HILGETAG, C ",1,"GRANT, A ",0
"HILGETAG, C ",2.33333,"KAISER, M ",0
"HILGETAG, C ",0.333333,"SPORNS, O ",0
"HILGETAG, C ",0.2,"BLACKMORE, C ",0
"ONEILL, M ",0.2,"KOTTER, R ",0
"ONEILL, M ",0.2,"STEPHAN, K ",0
"ONEILL, M ",0.7,"SCANNELL, J ",0
"ONEILL, M ",0.2,"BLACKMORE, C ",0
"SCANNELL, J ",0.333333,"PAYNE, B ",0
"SCANNELL, J ",0.333333,"BADDELEY, R ",0
"SCANNELL, J ",0.7,"BLACKMORE, C ",0
"SCANNELL, J ",0.333333,"GRANT, S ",0
"KAISER, M ",0.333333,"MARTIN, R ",0
"KAISER, M ",0.333333,"SPORNS, O ",0
"KAISER, M ",0.333333,"ANDRAS, P ",0
"HILLIER, B ",1,"HANSON, J ",0
"HODGKIN, A ",1,"HUXLEY, A ",0
"HOFF, P ",0.5,"RAFTERY, A ",0
"HOLLAND, P ",1,"LEINHARDT, S ",0
"HOLME, P ",0.5,"LEICHT, E ",0
"HOLME, P ",0.2,"CHOI, M ",0
"HOLME, P ",0.533333,"TRUSINA, A ",0
"HOLME, P ",0.5,"EDLING, C ",0
"HOLME, P ",0.5,"LILJEROS, F ",0
"HOLME, P ",1,"GHOSHAL, G ",0
"HOLME, P ",1.5,"HUSS, M ",0
"HOLME, P ",1.86667,"KIM, B ",0
"HOLME, P ",0.333333,"YOON, C ",0
"HOLME, P ",0.333333,"HAN, S ",0
"HOLME, P ",0.2,"CHUNG, J ",0
"HOLME, P ",0.533333,"MINNHAGEN, P ",0
"EDLING, C ",0.25,"ABERG, Y ",0
"EDLING, C ",1.25,"LILJEROS, F ",0
"LILJEROS, F ",0.25,"ABERG, Y ",0
"KIM, B ",1.33333,"HONG, H ",0
"KIM, B ",1.53333,"CHOI, M ",0
"KIM, B ",0.333333,"PARK, H ",0
"KIM, B ",0.533333,"TRUSINA, A ",0
"KIM, B ",0.666667,"YOON, C ",0
"KIM, B ",0.666667,"HAN, S ",0
"KIM, B ",0.2,"CHUNG, J ",0
"KIM, B ",0.533333,"MINNHAGEN, P ",0
"YOON, C ",0.666667,"HAN, S ",0
"TRUSINA, A ",0.2,"CHOI, M ",0
"TRUSINA, A ",0.833333,"ROSVALL, M ",0
"TRUSINA, A ",0.2,"CHUNG, J ",0
"TRUSINA, A ",0.866667,"MINNHAGEN, P ",0
"MINNHAGEN, P ",0.2,"CHOI, M ",0
"MINNHAGEN, P ",0.2,"CHUNG, J ",0
"MINNHAGEN, P ",0.333333,"ROSVALL, M ",0
"HOLMGREN, C ",0.333333,"SVENNENFORS, B ",0
"HOLMGREN, C ",0.333333,"ZILBERTER, Y ",0
"HOLMGREN, C ",0.333333,"HARKANY, T ",0
"HARKANY, T ",0.333333,"SVENNENFORS, B ",0
"HARKANY, T ",0.333333,"ZILBERTER, Y ",0
"SVENNENFORS, B ",0.333333,"ZILBERTER, Y ",0
"HOLTER, N ",0.2,"MITRA, M ",0
"HOLTER, N ",0.2,"CIEPLAK, M ",0
"HOLTER, N ",0.2,"FEDROFF, N ",0
"MITRA, M ",0.2,"CIEPLAK, M ",0
"MITRA, M ",0.2,"FEDROFF, N ",0
"CIEPLAK, M ",0.2,"FEDROFF, N ",0
"HONG, H ",1.33333,"CHOI, M ",0
"HONG, H ",0.333333,"PARK, H ",0
"HONG, H ",0.333333,"RHO, K ",0
"CHOI, M ",0.333333,"PARK, H ",0
"CHOI, M ",0.2,"CHUNG, J ",0
"HORN, N ",1,"RUPPIN, E ",0
"HUFNAGEL, L ",0.5,"BROCKMANN, D ",0
"YANG, J ",0.5,"LIU, W ",0
"YANG, J ",0.5,"ZHAN, M ",0
"HUXHAM, M ",0.5,"BEANEY, S ",0
"HUXHAM, M ",0.5,"RAFFAELLI, D ",0
"BEANEY, S ",0.5,"RAFFAELLI, D ",0
"IAMNITCHI, A ",1,"RIPEANU, M ",0
"IGOSHIN, O ",0.333333,"KAISER, D ",0
"IGOSHIN, O ",0.333333,"OSTER, G ",0
"KAISER, D ",0.333333,"OSTER, G ",0
"IHMELS, J ",0.25,"FRIEDLANDER, G ",0
"IHMELS, J ",0.25,"BERGMANN, S ",0
"IHMELS, J ",0.25,"OFERSARIG, Y ",0
"FRIEDLANDER, G ",0.25,"BERGMANN, S ",0
"FRIEDLANDER, G ",0.25,"OFERSARIG, Y ",0
"BERGMANN, S ",0.25,"OFERSARIG, Y ",0
"ITO, T ",0.2,"CHIBA, T ",0
"ITO, T ",0.2,"OZAWA, R ",0
"ITO, T ",0.2,"YOSHIDA, M ",0
"ITO, T ",0.2,"HATTORI, M ",0
"ITO, T ",0.2,"SAKAKI, Y ",0
"CHIBA, T ",0.2,"OZAWA, R ",0
"CHIBA, T ",0.2,"YOSHIDA, M ",0
"CHIBA, T ",0.2,"HATTORI, M ",0
"CHIBA, T ",0.2,"SAKAKI, Y ",0
"OZAWA, R ",0.2,"YOSHIDA, M ",0
"OZAWA, R ",0.2,"HATTORI, M ",0
"OZAWA, R ",0.2,"SAKAKI, Y ",0
"YOSHIDA, M ",0.2,"HATTORI, M ",0
"YOSHIDA, M ",0.2,"SAKAKI, Y ",0
"HATTORI, M ",0.2,"SAKAKI, Y ",0
"ITZKOVITZ, S ",0.92619,"MILO, R ",0
"ITZKOVITZ, S ",0.92619,"KASHTAN, N ",0
"ITZKOVITZ, S ",0.25,"ZIV, G ",0
"ITZKOVITZ, S ",0.142857,"LEVITT, R ",0
"ITZKOVITZ, S ",0.342857,"SHENORR, S ",0
"ITZKOVITZ, S ",0.142857,"AYZENSHTAT, I ",0
"ITZKOVITZ, S ",0.142857,"SHEFFER, M ",0
"MILO, R ",0.92619,"KASHTAN, N ",0
"MILO, R ",0.25,"ZIV, G ",0
"MILO, R ",0.142857,"LEVITT, R ",0
"MILO, R ",0.67619,"SHENORR, S ",0
"MILO, R ",0.142857,"AYZENSHTAT, I ",0
"MILO, R ",0.142857,"SHEFFER, M ",0
"MILO, R ",0.333333,"MANGAN, S ",0
"KASHTAN, N ",0.25,"ZIV, G ",0
"KASHTAN, N ",0.142857,"LEVITT, R ",0
"KASHTAN, N ",0.342857,"SHENORR, S ",0
"KASHTAN, N ",0.142857,"AYZENSHTAT, I ",0
"KASHTAN, N ",0.142857,"SHEFFER, M ",0
"JACOB, F ",1,"MONOD, J ",0
"JAFFE, A ",1,"TRAJTENBERG, M ",0
"JAIN, A ",0.5,"FLYNN, P ",0
"JAIN, A ",0.5,"MURTY, M ",0
"MURTY, M ",0.5,"FLYNN, P ",0
"JAIN, S ",1,"KRISHNA, S ",0
"JALAN, S ",1,"AMRITKAR, R ",0
"AMRITKAR, R ",1,"PANDIT, S ",0
"JANKOWSKI, S ",0.333333,"LOZOWSKI, A ",0
"JANKOWSKI, S ",0.333333,"LONDEI, A ",0
"JANKOWSKI, S ",0.333333,"MAZUR, C ",0
"LONDEI, A ",0.333333,"LOZOWSKI, A ",0
"LONDEI, A ",0.333333,"MAZUR, C ",0
"MAZUR, C ",0.333333,"LOZOWSKI, A ",0
"JANSEN, R ",0.111111,"SNYDER, M ",0
"JANSEN, R ",0.111111,"GREENBLATT, J ",0
"JANSEN, R ",0.111111,"GERSTEIN, M ",0
"JANSEN, R ",0.111111,"YU, H ",0
"JANSEN, R ",0.111111,"GREENBAUM, D ",0
"JANSEN, R ",0.111111,"KLUGER, Y ",0
"JANSEN, R ",0.111111,"KROGAN, N ",0
"JANSEN, R ",0.111111,"CHUNG, S ",0
"JANSEN, R ",0.111111,"EMILI, A ",0
"YU, H ",0.111111,"SNYDER, M ",0
"YU, H ",0.111111,"GREENBLATT, J ",0
"YU, H ",0.111111,"GERSTEIN, M ",0
"YU, H ",0.111111,"GREENBAUM, D ",0
"YU, H ",0.111111,"KLUGER, Y ",0
"YU, H ",0.111111,"KROGAN, N ",0
"YU, H ",0.111111,"CHUNG, S ",0
"YU, H ",0.111111,"EMILI, A ",0
"GREENBAUM, D ",0.111111,"SNYDER, M ",0
"GREENBAUM, D ",0.111111,"GREENBLATT, J ",0
"GREENBAUM, D ",0.111111,"GERSTEIN, M ",0
"GREENBAUM, D ",0.111111,"KLUGER, Y ",0
"GREENBAUM, D ",0.111111,"KROGAN, N ",0
"GREENBAUM, D ",0.111111,"CHUNG, S ",0
"GREENBAUM, D ",0.111111,"EMILI, A ",0
"KLUGER, Y ",0.111111,"SNYDER, M ",0
"KLUGER, Y ",0.111111,"GREENBLATT, J ",0
"KLUGER, Y ",0.111111,"GERSTEIN, M ",0
"KLUGER, Y ",0.111111,"KROGAN, N ",0
"KLUGER, Y ",0.111111,"CHUNG, S ",0
"KLUGER, Y ",0.111111,"EMILI, A ",0
"KROGAN, N ",0.111111,"SNYDER, M ",0
"KROGAN, N ",0.111111,"GREENBLATT, J ",0
"KROGAN, N ",0.111111,"GERSTEIN, M ",0
"KROGAN, N ",0.111111,"CHUNG, S ",0
"KROGAN, N ",0.111111,"EMILI, A ",0
"CHUNG, S ",0.111111,"SNYDER, M ",0
"CHUNG, S ",0.111111,"GREENBLATT, J ",0
"CHUNG, S ",0.111111,"GERSTEIN, M ",0
"CHUNG, S ",0.111111,"EMILI, A ",0
"EMILI, A ",0.111111,"SNYDER, M ",0
"EMILI, A ",0.111111,"GREENBLATT, J ",0
"EMILI, A ",0.111111,"GERSTEIN, M ",0
"SNYDER, M ",0.111111,"GREENBLATT, J ",0
"SNYDER, M ",0.111111,"GERSTEIN, M ",0
"GREENBLATT, J ",0.111111,"GERSTEIN, M ",0
"JANSON, S ",0.5,"LUCZAK, T ",0
"JANSON, S ",0.5,"RUCINSKI, A ",0
"LUCZAK, T ",0.5,"RUCINSKI, A ",0
"TOMBOR, B ",0.2,"PODANI, J ",0
"TOMBOR, B ",0.2,"SZATHMARY, E ",0
"JESPERSEN, S ",1.5,"BLUMEN, A ",0
"JESPERSEN, S ",0.5,"SOKOLOV, I ",0
"BLUMEN, A ",0.5,"SOKOLOV, I ",0
"SOKOLOV, I ",1,"XULVIBRUNET, R ",0
"SOKOLOV, I ",0.75,"SANDER, L ",0
"SOKOLOV, I ",0.75,"WARREN, C ",0
"SOKOLOV, I ",0.25,"SIMON, C ",0
"SOKOLOV, I ",0.25,"KOOPMAN, J ",0
"JIA, L ",0.333333,"SANO, M ",0
"JIA, L ",0.333333,"LAI, P ",0
"JIA, L ",0.333333,"CHAN, C ",0
"SANO, M ",0.333333,"LAI, P ",0
"SANO, M ",0.333333,"CHAN, C ",0
"LAI, P ",0.333333,"CHAN, C ",0
"JIANG, B ",1,"CLARAMUNT, C ",0
"JIANG, Y ",0.5,"LOZADACASSOU, M ",0
"JIANG, Y ",0.5,"VINET, A ",0
"LOZADACASSOU, M ",0.5,"VINET, A ",0
"JORDANO, P ",0.5,"BASCOMPTE, J ",0
"JORDANO, P ",0.5,"OLESEN, J ",0
"BASCOMPTE, J ",0.5,"OLESEN, J ",0
"JOUVE, B ",0.2,"VEZOLI, J ",0
"JOUVE, B ",0.2,"FALCHIER, A ",0
"JOUVE, B ",0.2,"KNOBLAUCH, K ",0
"JOUVE, B ",0.2,"KENNEDY, H ",0
"JOUVE, B ",0.5,"ROSENTIEHL, P ",0
"JOUVE, B ",0.5,"IMBERT, M ",0
"ROSENTIEHL, P ",0.5,"IMBERT, M ",0
"JUNG, S ",0.5,"KIM, S ",0
"KALAPALA, V ",0.5,"SANWALANI, V ",0
"KAREV, G ",0.25,"RZHETSKY, A ",0
"KAREV, G ",0.25,"BEREZOVSKAYA, F ",0
"KAREV, G ",0.25,"KOONIN, E ",0
"KAREV, G ",0.25,"WOLF, Y ",0
"WOLF, Y ",0.25,"RZHETSKY, A ",0
"WOLF, Y ",0.25,"BEREZOVSKAYA, F ",0
"WOLF, Y ",0.25,"KOONIN, E ",0
"RZHETSKY, A ",0.25,"BEREZOVSKAYA, F ",0
"RZHETSKY, A ",0.25,"KOONIN, E ",0
"RZHETSKY, A ",1,"GOMEZ, S ",0
"BEREZOVSKAYA, F ",0.25,"KOONIN, E ",0
"KARP, P ",0.25,"PELLEGRINITOOLE, A ",0
"KARP, P ",0.25,"KRUMMENACKER, M ",0
"KARP, P ",0.25,"RILEY, M ",0
"KARP, P ",0.25,"PALEY, S ",0
"RILEY, M ",0.25,"PELLEGRINITOOLE, A ",0
"RILEY, M ",0.25,"KRUMMENACKER, M ",0
"RILEY, M ",0.25,"PALEY, S ",0
"PALEY, S ",0.25,"PELLEGRINITOOLE, A ",0
"PALEY, S ",0.25,"KRUMMENACKER, M ",0
"PELLEGRINITOOLE, A ",0.25,"KRUMMENACKER, M ",0
"KAUFFMAN, S ",1,"SOCOLAR, J ",0
"KAUTZ, H ",0.5,"SELMAN, B ",0
"KAUTZ, H ",0.5,"SHAH, M ",0
"SELMAN, B ",0.5,"SHAH, M ",0
"KEPHART, J ",1,"WHITE, S ",0
"KERMARREC, A ",0.5,"GANESH, A ",0
"KERMARREC, A ",0.5,"MASSOULIE, L ",0
"GANESH, A ",0.5,"MASSOULIE, L ",0
"KINOUCHI, O ",0.25,"MARTINEZ, A ",0
"KINOUCHI, O ",0.25,"LIMA, G ",0
"KINOUCHI, O ",0.25,"LOURENC, G ",0
"KINOUCHI, O ",0.25,"RISAUGUSMAN, S ",0
"MARTINEZ, A ",0.25,"LIMA, G ",0
"MARTINEZ, A ",0.25,"LOURENC, G ",0
"MARTINEZ, A ",0.25,"RISAUGUSMAN, S ",0
"LIMA, G ",0.25,"LOURENC, G ",0
"LIMA, G ",0.25,"RISAUGUSMAN, S ",0
"LOURENC, G ",0.25,"RISAUGUSMAN, S ",0
"KIRKPATRICK, S ",0.5,"GELATT, C ",0
"KIRKPATRICK, S ",1,"SHERRINGTON, D ",0
"KIRKPATRICK, S ",0.5,"VECCHI, M ",0
"GELATT, C ",0.5,"VECCHI, M ",0
"KISS, I ",0.5,"ZHAI, Y ",0
"KISS, I ",0.5,"HUDSON, J ",0
"ZHAI, Y ",0.5,"HUDSON, J ",0
"KLECZKOWSKI, A ",1,"GRENFELL, B ",0
"KLEVECZ, R ",0.5,"BOLEN, J ",0
"KLEVECZ, R ",0.5,"DURAN, O ",0
"BOLEN, J ",0.5,"DURAN, O ",0
"KLOVDAHL, A ",0.2,"POTTERAT, J ",0
"KLOVDAHL, A ",0.2,"WOODHOUSE, D ",0
"KLOVDAHL, A ",0.2,"MUTH, J ",0
"KLOVDAHL, A ",0.2,"MUTH, S ",0
"KLOVDAHL, A ",0.2,"DARROW, W ",0
"POTTERAT, J ",0.142857,"WHITE, H ",0
"POTTERAT, J ",0.342857,"WOODHOUSE, D ",0
"POTTERAT, J ",0.785714,"ROTHENBERG, R ",0
"POTTERAT, J ",0.142857,"ZIMMERMANROGER, H ",0
"POTTERAT, J ",0.142857,"GREEN, D ",0
"POTTERAT, J ",0.985714,"MUTH, S ",0
"POTTERAT, J ",0.2,"DARROW, W ",0
"POTTERAT, J ",0.142857,"PHILLIPSPLUMMER, L ",0
"POTTERAT, J ",0.142857,"MALDONADOLONG, T ",0
"POTTERAT, J ",0.142857,"ZIMMERMAN, H ",0
"POTTERAT, J ",0.142857,"TAYLOR, J ",0
"POTTERAT, J ",0.342857,"MUTH, J ",0
"POTTERAT, J ",0.142857,"BONNEY, M ",0
"WOODHOUSE, D ",0.142857,"ROTHENBERG, R ",0
"WOODHOUSE, D ",0.342857,"MUTH, J ",0
"WOODHOUSE, D ",0.342857,"MUTH, S ",0
"WOODHOUSE, D ",0.2,"DARROW, W ",0
"WOODHOUSE, D ",0.142857,"PHILLIPSPLUMMER, L ",0
"WOODHOUSE, D ",0.142857,"MALDONADOLONG, T ",0
"WOODHOUSE, D ",0.142857,"ZIMMERMAN, H ",0
"MUTH, J ",0.142857,"ROTHENBERG, R ",0
"MUTH, J ",0.342857,"MUTH, S ",0
"MUTH, J ",0.2,"DARROW, W ",0
"MUTH, J ",0.142857,"PHILLIPSPLUMMER, L ",0
"MUTH, J ",0.142857,"MALDONADOLONG, T ",0
"MUTH, J ",0.142857,"ZIMMERMAN, H ",0
"MUTH, S ",0.142857,"GREEN, D ",0
"MUTH, S ",1.11905,"ROTHENBERG, R ",0
"MUTH, S ",0.142857,"WHITE, H ",0
"MUTH, S ",0.333333,"TROTTER, R ",0
"MUTH, S ",0.142857,"ZIMMERMANROGER, H ",0
"MUTH, S ",0.142857,"TAYLOR, J ",0
"MUTH, S ",0.2,"DARROW, W ",0
"MUTH, S ",0.142857,"PHILLIPSPLUMMER, L ",0
"MUTH, S ",0.142857,"MALDONADOLONG, T ",0
"MUTH, S ",0.142857,"ZIMMERMAN, H ",0
"MUTH, S ",0.333333,"BALDWIN, J ",0
"MUTH, S ",0.142857,"BONNEY, M ",0
"KOCAREV, L ",1,"PARLITZ, U ",0
"KOCH, M ",0.5,"NORRIS, D ",0
"KOCH, M ",0.5,"HUNDGEORGIADIS, M ",0
"NORRIS, D ",0.5,"HUNDGEORGIADIS, M ",0
"ERMENTROUT, B ",0.25,"BUHL, E ",0
"ERMENTROUT, B ",0.25,"WHITTINGTON, M ",0
"ERMENTROUT, B ",0.25,"TRAUB, R ",0
"KORTE, C ",1,"MILGRAM, S ",0
"MILGRAM, S ",1,"TRAVERS, J ",0
"KOTTER, R ",1.9,"STEPHAN, K ",0
"KOTTER, R ",1,"SPORNS, O ",0
"KOTTER, R ",0.5,"STHEPAN, K ",0
"KOTTER, R ",0.5,"PASSINGHAM, R ",0
"KOTTER, R ",0.2,"KAMPER, L ",0
"KOTTER, R ",0.2,"BOZKURT, A ",0
"KOTTER, R ",1,"SOMMER, F ",0
"STEPHAN, K ",0.2,"KAMPER, L ",0
"STEPHAN, K ",0.2,"BOZKURT, A ",0
"KRAUSE, A ",0.25,"FRANK, K ",0
"KRAUSE, A ",0.25,"MASON, D ",0
"KRAUSE, A ",0.25,"TAYLOR, W ",0
"FRANK, K ",0.25,"MASON, D ",0
"FRANK, K ",0.25,"TAYLOR, W ",0
"MASON, D ",0.25,"TAYLOR, W ",0
"KRETZSCHMAR, M ",0.5,"VANDUYNHOVEN, Y ",0
"KRETZSCHMAR, M ",0.5,"SEVERIJNEN, A ",0
"VANDUYNHOVEN, Y ",0.5,"SEVERIJNEN, A ",0
"SIVAKUMAR, D ",0.2,"UPFAL, E ",0
"KURAMOTO, Y ",0.5,"SHINOMOTO, S ",0
"KURAMOTO, Y ",1,"NAKAO, H ",0
"KURAMOTO, Y ",0.5,"SAKAGUCHI, H ",0
"KWON, O ",1,"MOON, H ",0
"LAGOFERNANDEZ, L ",1.16667,"CORBACHO, F ",0
"LAGOFERNANDEZ, L ",1.16667,"HUERTA, R ",0
"LAGOFERNANDEZ, L ",0.666667,"SIGUENZA, J ",0
"CORBACHO, F ",1.16667,"HUERTA, R ",0
"CORBACHO, F ",0.666667,"SIGUENZA, J ",0
"HUERTA, R ",0.666667,"SIGUENZA, J ",0
"LAHTINEN, J ",0.5,"KASKI, K ",0
"KASKI, K ",0.583333,"ONNELA, J ",0
"KASKI, K ",0.25,"CHAKRABORTI, A ",0
"KASKI, K ",0.25,"KANTO, A ",0
"KASKI, K ",0.333333,"JARISARAMAKI, J ",0
"LAWNICZAK, A ",0.5,"MAXIE, K ",0
"LAWNICZAK, A ",0.5,"GERISCH, A ",0
"MAXIE, K ",0.5,"GERISCH, A ",0
"LEE, L ",0.5,"HARRISON, L ",0
"LEE, L ",0.5,"MECHELLI, A ",0
"HARRISON, L ",0.5,"MECHELLI, A ",0
"LEONE, M ",0.333333,"ZECCHINA, R ",0
"LEVANQUYEN, M ",0.2,"ESCLAPEZ, M ",0
"LEVANQUYEN, M ",0.2,"BENARI, Y ",0
"LEVANQUYEN, M ",0.2,"GOZLAN, H ",0
"LEVANQUYEN, M ",0.2,"QUILICHINI, P ",0
"LEVANQUYEN, M ",0.2,"BERNARD, C ",0
"QUILICHINI, P ",0.2,"ESCLAPEZ, M ",0
"QUILICHINI, P ",0.2,"BENARI, Y ",0
"QUILICHINI, P ",0.2,"GOZLAN, H ",0
"QUILICHINI, P ",0.2,"BERNARD, C ",0
"BERNARD, C ",0.2,"ESCLAPEZ, M ",0
"BERNARD, C ",0.2,"BENARI, Y ",0
"BERNARD, C ",0.2,"GOZLAN, H ",0
"ESCLAPEZ, M ",0.2,"BENARI, Y ",0
"ESCLAPEZ, M ",0.2,"GOZLAN, H ",0
"BENARI, Y ",0.2,"GOZLAN, H ",0
"LI, C ",1,"CHEN, G ",0
"CHEN, G ",0.833333,"LU, J ",0
"CHEN, G ",0.833333,"YU, X ",0
"CHEN, G ",0.333333,"CHEN, D ",0
"CHEN, G ",1,"LI, X ",0
"LIEBERMAN, E ",0.5,"NOWAK, M ",0
"LIEBERMAN, E ",0.5,"HAUERT, C ",0
"HAUERT, C ",0.5,"NOWAK, M ",0
"NOWAK, M ",1,"SIGMUND, K ",0
"LI, R ",1,"ERNEUX, T ",0
"LI, S ",0.5,"WAND, H ",0
"LI, S ",0.5,"OUYANG, Q ",0
"WAND, H ",0.5,"OUYANG, Q ",0
"LIU, Z ",1,"LAI, Y ",0
"LIU, Z ",0.5,"HOPPENSTEADT, F ",0
"LIU, Z ",0.5,"YE, N ",0
"LAI, Y ",0.333333,"DASGUPTA, P ",0
"LAI, Y ",0.833333,"NISHIKAWA, T ",0
"LAI, Y ",0.833333,"HOPPENSTEADT, F ",0
"LAI, Y ",0.5,"YE, N ",0
"HOPPENSTEADT, F ",0.333333,"NISHIKAWA, T ",0
"LI, W ",1,"CAI, X ",0
"LOCKHART, D ",1,"WINZELER, E ",0
"LOGOTHETIS, N ",0.25,"PAULS, J ",0
"LOGOTHETIS, N ",0.25,"AUGATH, M ",0
"LOGOTHETIS, N ",0.25,"TRINATH, T ",0
"LOGOTHETIS, N ",0.25,"OELTERMANN, A ",0
"PAULS, J ",0.25,"AUGATH, M ",0
"PAULS, J ",0.25,"TRINATH, T ",0
"PAULS, J ",0.25,"OELTERMANN, A ",0
"AUGATH, M ",0.25,"TRINATH, T ",0
"AUGATH, M ",0.25,"OELTERMANN, A ",0
"TRINATH, T ",0.25,"OELTERMANN, A ",0
"LORRAIN, F ",1,"WHITE, H ",0
"WHITE, H ",0.5,"WELLMAN, B ",0
"WHITE, H ",0.142857,"ROTHENBERG, R ",0
"WHITE, H ",0.5,"NAZER, N ",0
"WHITE, H ",0.142857,"ZIMMERMANROGER, H ",0
"WHITE, H ",0.142857,"GREEN, D ",0
"WHITE, H ",0.142857,"BONNEY, M ",0
"WHITE, H ",0.142857,"TAYLOR, J ",0
"LU, J ",0.833333,"YU, X ",0
"LU, J ",0.333333,"CHEN, D ",0
"YU, X ",0.333333,"CHEN, D ",0
"LU, W ",1,"CHEN, T ",0
"MACGRAW, P ",1,"MENZINGER, M ",0
"MENZINGER, M ",1,"MCGRAW, P ",0
"MAHADEVAN, R ",1,"PALSSON, B ",0
"MA, H ",1,"ZENG, A ",0
"MANGAN, S ",0.333333,"SHENORR, S ",0
"MANNA, S ",1.2,"SEN, P ",0
"MANNA, S ",0.2,"CHATTERJEE, A ",0
"MANNA, S ",0.2,"SREERAM, P ",0
"MANNA, S ",0.2,"DASGUPTA, S ",0
"MANNA, S ",0.2,"MUKHERJEE, G ",0
"SEN, P ",0.5,"BANERJEE, K ",0
"SEN, P ",1,"CHAKRABARTI, B ",0
"SEN, P ",0.5,"BISWAS, T ",0
"SEN, P ",0.2,"DASGUPTA, S ",0
"SEN, P ",0.2,"CHATTERJEE, A ",0
"SEN, P ",0.2,"SREERAM, P ",0
"SEN, P ",0.2,"MUKHERJEE, G ",0
"RIGON, R ",0.75,"RODRIGUEZITURBE, I ",0
"RIGON, R ",0.25,"GIACOMETTI, A ",0
"GIACOMETTI, A ",0.25,"RODRIGUEZITURBE, I ",0
"MARODI, M ",0.5,"DOVIDIO, F ",0
"MARRO, J ",0.333333,"TORRES, J ",0
"MARRO, J ",0.333333,"GARRIDO, P ",0
"MARRO, J ",1,"DICKMAN, R ",0
"MARTIN, R ",0.333333,"ANDRAS, P ",0
"MASOLLER, C ",1,"MARTI, A ",0
"MASSUNAGA, M ",1,"BAHIANA, M ",0
"MASUDA, N ",1,"AIHARA, K ",0
"MASUDA, N ",0.5,"MIWA, H ",0
"MASUDA, N ",0.5,"KONNO, N ",0
"MIWA, H ",0.5,"KONNO, N ",0
"MATTHEWS, P ",0.5,"MIROLLO, R ",0
"MCCANN, K ",0.5,"HASTINGS, A ",0
"MCCANN, K ",0.5,"HUXEL, G ",0
"HASTINGS, A ",0.5,"HUXEL, G ",0
"MEHRING, C ",0.25,"HEHL, U ",0
"MEHRING, C ",0.25,"KUBO, M ",0
"MEHRING, C ",0.25,"DIESMANN, M ",0
"HEHL, U ",0.25,"KUBO, M ",0
"HEHL, U ",0.25,"DIESMANN, M ",0
"KUBO, M ",0.25,"DIESMANN, M ",0
"MELIN, G ",1,"PERSSON, O ",0
"MENCZER, F ",0.333333,"PANT, G ",0
"MENCZER, F ",0.333333,"RUIZ, M ",0
"MENCZER, F ",0.333333,"SRINIVASAN, P ",0
"MENCZER, F ",1,"BELEW, R ",0
"PANT, G ",0.333333,"RUIZ, M ",0
"PANT, G ",0.333333,"SRINIVASAN, P ",0
"RUIZ, M ",0.333333,"SRINIVASAN, P ",0
"MEWES, H ",1,"TORNOW, S ",0
"MEWES, H ",0.111111,"FRISHMAN, D ",0
"MEWES, H ",0.111111,"GULDENER, U ",0
"MEWES, H ",0.111111,"MANNHAUPT, G ",0
"MEWES, H ",0.111111,"MAYER, K ",0
"MEWES, H ",0.111111,"MOKREJS, M ",0
"MEWES, H ",0.111111,"MORGENSTERN, B ",0
"MEWES, H ",0.111111,"MUNSTERKOTTER, M ",0
"MEWES, H ",0.111111,"RUDD, S ",0
"MEWES, H ",0.111111,"WEIL, B ",0
"FRISHMAN, D ",0.111111,"GULDENER, U ",0
"FRISHMAN, D ",0.111111,"MANNHAUPT, G ",0
"FRISHMAN, D ",0.111111,"MAYER, K ",0
"FRISHMAN, D ",0.111111,"MOKREJS, M ",0
"FRISHMAN, D ",0.111111,"MORGENSTERN, B ",0
"FRISHMAN, D ",0.111111,"MUNSTERKOTTER, M ",0
"FRISHMAN, D ",0.111111,"RUDD, S ",0
"FRISHMAN, D ",0.111111,"WEIL, B ",0
"GULDENER, U ",0.111111,"MANNHAUPT, G ",0
"GULDENER, U ",0.111111,"MAYER, K ",0
"GULDENER, U ",0.111111,"MOKREJS, M ",0
"GULDENER, U ",0.111111,"MORGENSTERN, B ",0
"GULDENER, U ",0.111111,"MUNSTERKOTTER, M ",0
"GULDENER, U ",0.111111,"RUDD, S ",0
"GULDENER, U ",0.111111,"WEIL, B ",0
"MANNHAUPT, G ",0.111111,"MAYER, K ",0
"MANNHAUPT, G ",0.111111,"MOKREJS, M ",0
"MANNHAUPT, G ",0.111111,"MORGENSTERN, B ",0
"MANNHAUPT, G ",0.111111,"MUNSTERKOTTER, M ",0
"MANNHAUPT, G ",0.111111,"RUDD, S ",0
"MANNHAUPT, G ",0.111111,"WEIL, B ",0
"MAYER, K ",0.111111,"MOKREJS, M ",0
"MAYER, K ",0.111111,"MORGENSTERN, B ",0
"MAYER, K ",0.111111,"MUNSTERKOTTER, M ",0
"MAYER, K ",0.111111,"RUDD, S ",0
"MAYER, K ",0.111111,"WEIL, B ",0
"MOKREJS, M ",0.111111,"MORGENSTERN, B ",0
"MOKREJS, M ",0.111111,"MUNSTERKOTTER, M ",0
"MOKREJS, M ",0.111111,"RUDD, S ",0
"MOKREJS, M ",0.111111,"WEIL, B ",0
"MORGENSTERN, B ",0.111111,"MUNSTERKOTTER, M ",0
"MORGENSTERN, B ",0.111111,"RUDD, S ",0
"MORGENSTERN, B ",0.111111,"WEIL, B ",0
"MUNSTERKOTTER, M ",0.111111,"RUDD, S ",0
"MUNSTERKOTTER, M ",0.111111,"WEIL, B ",0
"RUDD, S ",0.111111,"WEIL, B ",0
"LEVITT, R ",0.142857,"SHENORR, S ",0
"LEVITT, R ",0.142857,"AYZENSHTAT, I ",0
"LEVITT, R ",0.142857,"SHEFFER, M ",0
"SHENORR, S ",0.142857,"AYZENSHTAT, I ",0
"SHENORR, S ",0.142857,"SHEFFER, M ",0
"AYZENSHTAT, I ",0.142857,"SHEFFER, M ",0
"MOLLOY, M ",1,"REED, B ",0
"MOREIRA, A ",0.5,"ANDRADE, J ",0
"GOMEZ, J ",0.5,"PACHECO, A ",0
"PACHECO, A ",0.5,"NEKOVEE, M ",0
"PACHECO, A ",0.5,"VAZQUEZPRADA, M ",0
"MROWKA, R ",0.333333,"HOLSTE, D ",0
"MROWKA, R ",0.333333,"PATZAK, A ",0
"MROWKA, R ",0.333333,"HERZEL, H ",0
"PATZAK, A ",0.333333,"HOLSTE, D ",0
"PATZAK, A ",0.333333,"HERZEL, H ",0
"HERZEL, H ",0.333333,"HOLSTE, D ",0
"MULLER, J ",0.5,"SCHONFISCH, B ",0
"MULLER, J ",0.5,"KIRKILIONIS, M ",0
"SCHONFISCH, B ",0.5,"KIRKILIONIS, M ",0
"NAGUMO, J ",0.5,"ARIMOTO, S ",0
"NAGUMO, J ",0.5,"YOSHIZAWA, S ",0
"ARIMOTO, S ",0.5,"YOSHIZAWA, S ",0
"NEIMAN, A ",0.125,"PEI, X ",0
"NEIMAN, A ",0.125,"RUSSELL, D ",0
"NEIMAN, A ",0.125,"WOJTENEK, W ",0
"NEIMAN, A ",0.125,"WILKENS, L ",0
"NEIMAN, A ",0.125,"MOSS, F ",0
"NEIMAN, A ",0.125,"BRAUN, H ",0
"NEIMAN, A ",0.125,"HUBER, M ",0
"NEIMAN, A ",0.125,"VOIGT, K ",0
"PEI, X ",0.125,"RUSSELL, D ",0
"PEI, X ",0.125,"WOJTENEK, W ",0
"PEI, X ",0.125,"WILKENS, L ",0
"PEI, X ",0.125,"MOSS, F ",0
"PEI, X ",0.125,"BRAUN, H ",0
"PEI, X ",0.125,"HUBER, M ",0
"PEI, X ",0.125,"VOIGT, K ",0
"RUSSELL, D ",0.333333,"MCINTOSH, A ",0
"RUSSELL, D ",0.333333,"TONONI, G ",0
"RUSSELL, D ",0.333333,"EDELMAN, G ",0
"RUSSELL, D ",0.125,"WOJTENEK, W ",0
"RUSSELL, D ",0.125,"WILKENS, L ",0
"RUSSELL, D ",0.125,"MOSS, F ",0
"RUSSELL, D ",0.125,"BRAUN, H ",0
"RUSSELL, D ",0.125,"HUBER, M ",0
"RUSSELL, D ",0.125,"VOIGT, K ",0
"WOJTENEK, W ",0.125,"WILKENS, L ",0
"WOJTENEK, W ",0.125,"MOSS, F ",0
"WOJTENEK, W ",0.125,"BRAUN, H ",0
"WOJTENEK, W ",0.125,"HUBER, M ",0
"WOJTENEK, W ",0.125,"VOIGT, K ",0
"WILKENS, L ",0.125,"MOSS, F ",0
"WILKENS, L ",0.125,"BRAUN, H ",0
"WILKENS, L ",0.125,"HUBER, M ",0
"WILKENS, L ",0.125,"VOIGT, K ",0
"MOSS, F ",0.125,"BRAUN, H ",0
"MOSS, F ",0.125,"HUBER, M ",0
"MOSS, F ",0.125,"VOIGT, K ",0
"BRAUN, H ",0.125,"HUBER, M ",0
"BRAUN, H ",0.125,"VOIGT, K ",0
"HUBER, M ",0.125,"VOIGT, K ",0
"NEMETH, G ",1,"VATTAY, G ",0
"NETOFF, T ",0.25,"WHITE, J ",0
"NETOFF, T ",0.25,"CLEWLEY, R ",0
"NETOFF, T ",0.25,"ARNO, S ",0
"NETOFF, T ",0.25,"KECK, T ",0
"CLEWLEY, R ",0.25,"WHITE, J ",0
"CLEWLEY, R ",0.25,"ARNO, S ",0
"CLEWLEY, R ",0.25,"KECK, T ",0
"ARNO, S ",0.25,"WHITE, J ",0
"ARNO, S ",0.25,"KECK, T ",0
"KECK, T ",0.25,"WHITE, J ",0
"WHITE, J ",0.333333,"SOUTHGATE, E ",0
"WHITE, J ",0.333333,"THOMPSON, J ",0
"WHITE, J ",0.333333,"BRENNER, S ",0
"FORREST, S ",0.5,"BALTHROP, J ",0
"NIEBUR, E ",0.333333,"KAMMEN, D ",0
"NOH, J ",1,"RIEGER, H ",0
"OHIRA, T ",1,"SAWATARI, R ",0
"OKANE, D ",1,"TREVES, A ",0
"ONNELA, J ",0.25,"CHAKRABORTI, A ",0
"ONNELA, J ",0.25,"KANTO, A ",0
"ONNELA, J ",0.333333,"JARISARAMAKI, J ",0
"CHAKRABORTI, A ",0.25,"KANTO, A ",0
"ONODY, R ",1,"DECASTRO, P ",0
"OOSAWA, C ",1,"SAVAGEAU, M ",0
"SAVAGEAU, M ",0.5,"WALL, M ",0
"SAVAGEAU, M ",0.5,"HIAVACEK, W ",0
"ROSENBLUM, M ",0.333333,"SCHAFER, C ",0
"ROSENBLUM, M ",0.333333,"ABEL, H ",0
"ROSENBLUM, M ",0.333333,"PARK, E ",0
"ROSENBLUM, M ",0.142857,"TASS, P ",0
"ROSENBLUM, M ",0.142857,"WEULE, M ",0
"ROSENBLUM, M ",0.142857,"VOLKMANN, J ",0
"ROSENBLUM, M ",0.142857,"FREUND, H ",0
"ROSENBLUM, M ",0.333333,"ZAKS, M ",0
"OTSUKA, K ",0.25,"KAWAI, R ",0
"OTSUKA, K ",0.25,"HWONG, S ",0
"OTSUKA, K ",0.25,"KO, J ",0
"OTSUKA, K ",0.25,"CHERN, J ",0
"KAWAI, R ",0.25,"HWONG, S ",0
"KAWAI, R ",0.25,"KO, J ",0
"KAWAI, R ",0.25,"CHERN, J ",0
"HWONG, S ",0.25,"KO, J ",0
"HWONG, S ",0.25,"CHERN, J ",0
"KO, J ",0.25,"CHERN, J ",0
"OVERBEEK, R ",0.125,"LARSEN, N ",0
"OVERBEEK, R ",0.125,"PUSCH, G ",0
"OVERBEEK, R ",0.125,"DSOUZA, M ",0
"OVERBEEK, R ",0.125,"SELKOVJR, E ",0
"OVERBEEK, R ",0.125,"KYRPIDES, N ",0
"OVERBEEK, R ",0.125,"FONSTEIN, M ",0
"OVERBEEK, R ",0.125,"MALTSEV, N ",0
"OVERBEEK, R ",0.125,"SELKOV, E ",0
"LARSEN, N ",0.125,"PUSCH, G ",0
"LARSEN, N ",0.125,"DSOUZA, M ",0
"LARSEN, N ",0.125,"SELKOVJR, E ",0
"LARSEN, N ",0.125,"KYRPIDES, N ",0
"LARSEN, N ",0.125,"FONSTEIN, M ",0
"LARSEN, N ",0.125,"MALTSEV, N ",0
"LARSEN, N ",0.125,"SELKOV, E ",0
"PUSCH, G ",0.125,"DSOUZA, M ",0
"PUSCH, G ",0.125,"SELKOVJR, E ",0
"PUSCH, G ",0.125,"KYRPIDES, N ",0
"PUSCH, G ",0.125,"FONSTEIN, M ",0
"PUSCH, G ",0.125,"MALTSEV, N ",0
"PUSCH, G ",0.125,"SELKOV, E ",0
"DSOUZA, M ",0.125,"SELKOVJR, E ",0
"DSOUZA, M ",0.125,"KYRPIDES, N ",0
"DSOUZA, M ",0.125,"FONSTEIN, M ",0
"DSOUZA, M ",0.125,"MALTSEV, N ",0
"DSOUZA, M ",0.125,"SELKOV, E ",0
"SELKOVJR, E ",0.125,"KYRPIDES, N ",0
"SELKOVJR, E ",0.125,"FONSTEIN, M ",0
"SELKOVJR, E ",0.125,"MALTSEV, N ",0
"SELKOVJR, E ",0.125,"SELKOV, E ",0
"KYRPIDES, N ",0.125,"FONSTEIN, M ",0
"KYRPIDES, N ",0.125,"MALTSEV, N ",0
"KYRPIDES, N ",0.125,"SELKOV, E ",0
"FONSTEIN, M ",0.125,"MALTSEV, N ",0
"FONSTEIN, M ",0.125,"SELKOV, E ",0
"MALTSEV, N ",0.125,"SELKOV, E ",0
"BASSLER, K ",0.25,"KOZMA, B ",0
"BASSLER, K ",0.25,"HENGARTNER, N ",0
"BASSLER, K ",0.25,"KORNISS, G ",0
"BASSLER, K ",0.5,"CORRAL, A ",0
"PADGETT, J ",1,"ANSELL, C ",0
"MOTWANI, R ",0.333333,"WINOGRAD, T ",0
"PANDEY, A ",1,"MANN, M ",0
"PASSINGHAM, R ",0.5,"STHEPAN, K ",0
"SMITH, E ",0.333333,"KEPLER, T ",0
"PENNOCK, D ",0.25,"GLOVER, E ",0
"PINTO, S ",0.5,"LOPES, S ",0
"PINTO, S ",0.5,"VIANA, R ",0
"LOPES, S ",0.5,"VIANA, R ",0
"PODANI, J ",0.2,"SZATHMARY, E ",0
"POOL, I ",1,"KOCHEN, M ",0
"PORTER, M ",0.333333,"MUCHA, P ",0
"PORTER, M ",0.333333,"WARMBRAND, C ",0
"MUCHA, P ",0.333333,"WARMBRAND, C ",0
"POTHEN, A ",0.5,"LIOU, K ",0
"POTHEN, A ",0.5,"SIMON, H ",0
"SIMON, H ",0.5,"LIOU, K ",0
"ROTHENBERG, R ",0.142857,"GREEN, D ",0
"ROTHENBERG, R ",0.333333,"TROTTER, R ",0
"ROTHENBERG, R ",0.142857,"ZIMMERMANROGER, H ",0
"ROTHENBERG, R ",0.142857,"BONNEY, M ",0
"ROTHENBERG, R ",0.142857,"PHILLIPSPLUMMER, L ",0
"ROTHENBERG, R ",0.142857,"MALDONADOLONG, T ",0
"ROTHENBERG, R ",0.142857,"ZIMMERMAN, H ",0
"ROTHENBERG, R ",0.142857,"TAYLOR, J ",0
"ROTHENBERG, R ",0.333333,"BALDWIN, J ",0
"ZIMMERMANROGER, H ",0.142857,"GREEN, D ",0
"ZIMMERMANROGER, H ",0.142857,"BONNEY, M ",0
"ZIMMERMANROGER, H ",0.142857,"TAYLOR, J ",0
"GREEN, D ",0.142857,"TAYLOR, J ",0
"GREEN, D ",0.142857,"BONNEY, M ",0
"TAYLOR, J ",0.142857,"BONNEY, M ",0
"PHILLIPSPLUMMER, L ",0.142857,"MALDONADOLONG, T ",0
"PHILLIPSPLUMMER, L ",0.142857,"ZIMMERMAN, H ",0
"MALDONADOLONG, T ",0.142857,"ZIMMERMAN, H ",0
"POWELL, W ",0.333333,"WHITE, D ",0
"POWELL, W ",0.333333,"KOPUT, K ",0
"POWELL, W ",0.333333,"OWENSMITH, J ",0
"WHITE, D ",0.333333,"KOPUT, K ",0
"WHITE, D ",0.333333,"OWENSMITH, J ",0
"KOPUT, K ",0.333333,"OWENSMITH, J ",0
"RADICCHI, F ",0.25,"LORETO, V ",0
"RADICCHI, F ",0.25,"PARISI, D ",0
"RADICCHI, F ",0.25,"CECCONI, F ",0
"CECCONI, F ",0.25,"LORETO, V ",0
"CECCONI, F ",0.25,"PARISI, D ",0
"LORETO, V ",0.25,"PARISI, D ",0
"RAGHAVACHARI, S ",1,"GLAZIER, J ",0
"RAMEZANPOUR, A ",0.5,"MASHAGHI, A ",0
"RAMEZANPOUR, A ",0.5,"KARIMIPOUR, V ",0
"KARIMIPOUR, V ",0.5,"MASHAGHI, A ",0
"RAPOPORT, A ",1,"SOLOMONOFF, R ",0
"RAPOPORT, A ",1,"CHAMMAH, A ",0
"RAPOPORT, A ",1,"HORVATH, W ",0
"SOMERA, A ",0.25,"MONGRU, D ",0
"RESNICK, P ",1,"VARIAN, H ",0
"RESS, G ",0.5,"KREIMAN, G ",0
"RESTREPO, J ",0.5,"HUNT, B ",0
"RIVES, A ",1,"GALITSKI, T ",0
"ROETHLISBERGER, F ",1,"DICKSON, W ",0
"ROGERS, J ",1,"WILLE, L ",0
"ROGISTER, F ",0.25,"THORNBURG, K ",0
"ROGISTER, F ",0.25,"FABINY, L ",0
"ROGISTER, F ",0.25,"MOLLER, M ",0
"THORNBURG, K ",0.25,"FABINY, L ",0
"THORNBURG, K ",0.25,"MOLLER, M ",0
"FABINY, L ",0.25,"MOLLER, M ",0
"ROMANO, S ",1,"EGUIA, M ",0
"ROSA, E ",0.5,"HESS, M ",0
"ROSATO, V ",0.5,"BOLOGNA, S ",0
"ROSATO, V ",1.5,"TIRITICCO, F ",0
"BOLOGNA, S ",0.5,"TIRITICCO, F ",0
"BALDWIN, J ",0.333333,"TROTTER, R ",0
"ROUGEMONT, J ",1,"HINGAMP, P ",0
"ROXIN, A ",0.5,"RIECKE, H ",0
"ROXIN, A ",0.5,"SOLLA, S ",0
"RIECKE, H ",0.5,"SOLLA, S ",0
"RULKOV, N ",0.333333,"SUSHCHIK, M ",0
"RULKOV, N ",0.333333,"TSIMRING, L ",0
"RULKOV, N ",0.333333,"ABARBANEL, H ",0
"SUSHCHIK, M ",0.333333,"TSIMRING, L ",0
"SUSHCHIK, M ",0.333333,"ABARBANEL, H ",0
"TSIMRING, L ",0.333333,"ABARBANEL, H ",0
"SAKAGUCHI, H ",0.5,"SHINOMOTO, S ",0
"SANDER, L ",0.75,"WARREN, C ",0
"SANDER, L ",0.25,"KOOPMAN, J ",0
"SANDER, L ",0.25,"SIMON, C ",0
"WARREN, C ",0.25,"KOOPMAN, J ",0
"WARREN, C ",0.25,"SIMON, C ",0
"SIMON, C ",0.25,"KOOPMAN, J ",0
"GRANT, S ",0.333333,"PAYNE, B ",0
"GRANT, S ",0.333333,"BADDELEY, R ",0
"PAYNE, B ",0.333333,"BADDELEY, R ",0
"SCHAFER, C ",0.333333,"ABEL, H ",0
"SCHUSTER, S ",0.25,"PFEIFFER, T ",0
"SCHUSTER, S ",0.25,"MOLDENHAUER, F ",0
"SCHUSTER, S ",0.25,"KOCH, I ",0
"SCHUSTER, S ",0.25,"DANDEKAR, T ",0
"SCHUSTER, S ",0.25,"STELLING, J ",0
"SCHUSTER, S ",0.25,"KLAMT, S ",0
"SCHUSTER, S ",0.25,"BETTENBROCK, K ",0
"SCHUSTER, S ",0.25,"GILLES, E ",0
"PFEIFFER, T ",0.25,"MOLDENHAUER, F ",0
"PFEIFFER, T ",0.25,"KOCH, I ",0
"PFEIFFER, T ",0.25,"DANDEKAR, T ",0
"MOLDENHAUER, F ",0.25,"KOCH, I ",0
"MOLDENHAUER, F ",0.25,"DANDEKAR, T ",0
"KOCH, I ",0.25,"DANDEKAR, T ",0
"SCHWARTZ, I ",0.5,"BILLINGS, L ",0
"SCHWARTZ, I ",0.5,"BOLLT, E ",0
"BILLINGS, L ",0.5,"BOLLT, E ",0
"BOLLT, E ",0.5,"STILWELL, D ",0
"BOLLT, E ",0.5,"ROBERSON, D ",0
"SEARY, A ",1,"RICHARDS, W ",0
"BANERJEE, K ",0.5,"BISWAS, T ",0
"DASGUPTA, S ",0.2,"CHATTERJEE, A ",0
"DASGUPTA, S ",0.2,"SREERAM, P ",0
"DASGUPTA, S ",0.2,"MUKHERJEE, G ",0
"CHATTERJEE, A ",0.2,"SREERAM, P ",0
"CHATTERJEE, A ",0.2,"MUKHERJEE, G ",0
"SREERAM, P ",0.2,"MUKHERJEE, G ",0
"SHARDANAND, U ",1,"MAES, P ",0
"SHEFI, O ",0.25,"GOLDING, I ",0
"SHEFI, O ",0.25,"SEGEV, R ",0
"SHEFI, O ",0.25,"BENJACOB, E ",0
"SHEFI, O ",0.25,"AYALI, A ",0
"GOLDING, I ",0.25,"SEGEV, R ",0
"GOLDING, I ",0.25,"BENJACOB, E ",0
"GOLDING, I ",0.25,"AYALI, A ",0
"SEGEV, R ",0.25,"BENJACOB, E ",0
"SEGEV, R ",0.25,"AYALI, A ",0
"BENJACOB, E ",0.25,"AYALI, A ",0
"BENJACOB, E ",0.25,"CZIROK, A ",0
"BENJACOB, E ",0.25,"COHEN, I ",0
"BENJACOB, E ",0.25,"SHOCHET, O ",0
"SHUAI, J ",1,"DURAND, D ",0
"SIMARD, D ",0.5,"NADEAU, L ",0
"SIMARD, D ",0.5,"KROGER, H ",0
"NADEAU, L ",0.5,"KROGER, H ",0
"SINGH, B ",1,"GUPTE, N ",0
"SMITH, D ",1,"TIMBERLAKE, M ",0
"SNEL, B ",0.5,"BORK, P ",0
"SNEL, B ",0.5,"HUYNEN, M ",0
"BORK, P ",0.5,"HUYNEN, M ",0
"SOARES, D ",0.333333,"TSALLIS, C ",0
"SOARES, D ",0.333333,"MARIZ, A ",0
"SOARES, D ",0.333333,"DASILVA, L ",0
"TSALLIS, C ",0.333333,"MARIZ, A ",0
"TSALLIS, C ",0.333333,"DASILVA, L ",0
"TSALLIS, C ",1,"DEALBUQUERQUE, M ",0
"MARIZ, A ",0.333333,"DASILVA, L ",0
"SALAZARCIUDAD, I ",0.5,"GARCIAFERNANDEZ, J ",0
"SONG, C ",0.5,"MAKSE, H ",0
"SONG, S ",0.25,"NELSON, S ",0
"SONG, S ",0.25,"SJOSTROM, P ",0
"SONG, S ",0.25,"REIGL, M ",0
"SJOSTROM, P ",0.25,"NELSON, S ",0
"SJOSTROM, P ",0.25,"REIGL, M ",0
"REIGL, M ",0.25,"NELSON, S ",0
"SPIRIN, V ",1,"MIRNY, L ",0
"SPORNS, O ",1,"TONONI, G ",0
"SPORNS, O ",1,"EDELMAN, G ",0
"SPORNS, O ",1,"ZWI, J ",0
"TONONI, G ",2.33333,"EDELMAN, G ",0
"TONONI, G ",0.333333,"MCINTOSH, A ",0
"EDELMAN, G ",0.333333,"MCINTOSH, A ",0
"STAM, C ",1,"VANPUTTEN, M ",0
"AHARONY, A ",0.333333,"ADLER, J ",0
"STELLING, J ",0.25,"GILLES, E ",0
"STELLING, J ",0.25,"BETTENBROCK, K ",0
"STELLING, J ",0.25,"KLAMT, S ",0
"KLAMT, S ",0.25,"BETTENBROCK, K ",0
"KLAMT, S ",0.25,"GILLES, E ",0
"BETTENBROCK, K ",0.25,"GILLES, E ",0
"KAMPER, L ",0.2,"BOZKURT, A ",0
"STEPHENSON, K ",1,"ZELEN, M ",0
"STEYVERS, M ",1,"TENENBAUM, J ",0
"STILLER, J ",0.5,"DUNBAR, R ",0
"STILLER, J ",0.5,"NETTLE, D ",0
"NETTLE, D ",0.5,"DUNBAR, R ",0
"STILWELL, D ",0.5,"ROBERSON, D ",0
"SZABO, G ",0.5,"ALAVA, M ",0
"SZNAJDWERON, K ",1,"SZNAJD, J ",0
"TAKAYASU, M ",0.5,"SATO, T ",0
"TAKAYASU, M ",0.5,"TAKAYASU, H ",0
"TAKAYASU, H ",0.5,"SATO, T ",0
"TASS, P ",0.142857,"WEULE, M ",0
"TASS, P ",0.142857,"VOLKMANN, J ",0
"TASS, P ",0.142857,"FREUND, H ",0
"WEULE, M ",0.142857,"VOLKMANN, J ",0
"WEULE, M ",0.142857,"FREUND, H ",0
"VOLKMANN, J ",0.142857,"FREUND, H ",0
"TICOS, C ",0.25,"ROSAJR, E ",0
"TICOS, C ",0.25,"PARDO, W ",0
"TICOS, C ",0.25,"WALKENSTEIN, J ",0
"TICOS, C ",0.25,"MONTI, M ",0
"ROSAJR, E ",0.25,"PARDO, W ",0
"ROSAJR, E ",0.25,"WALKENSTEIN, J ",0
"ROSAJR, E ",0.25,"MONTI, M ",0
"PARDO, W ",0.25,"WALKENSTEIN, J ",0
"PARDO, W ",0.25,"MONTI, M ",0
"WALKENSTEIN, J ",0.25,"MONTI, M ",0
"TIERI, P ",0.166667,"FRANCESCHI, C ",0
"TIERI, P ",0.166667,"VALENSIN, S ",0
"TIERI, P ",0.166667,"CASTELLANI, G ",0
"TIERI, P ",0.166667,"REMONDINI, D ",0
"VALENSIN, S ",0.166667,"FRANCESCHI, C ",0
"VALENSIN, S ",0.166667,"CASTELLANI, G ",0
"VALENSIN, S ",0.166667,"REMONDINI, D ",0
"CASTELLANI, G ",0.166667,"FRANCESCHI, C ",0
"CASTELLANI, G ",0.166667,"REMONDINI, D ",0
"REMONDINI, D ",0.166667,"FRANCESCHI, C ",0
"TIMME, M ",0.5,"WOLF, F ",0
"KOZMA, B ",0.25,"HENGARTNER, N ",0
"KOZMA, B ",0.25,"KORNISS, G ",0
"HENGARTNER, N ",0.25,"KORNISS, G ",0
"TORRES, J ",0.333333,"GARRIDO, P ",0
"TSODYKS, M ",0.333333,"KENET, T ",0
"TSODYKS, M ",0.333333,"GRINVALD, A ",0
"TSODYKS, M ",0.333333,"ARIELI, A ",0
"KENET, T ",0.333333,"GRINVALD, A ",0
"KENET, T ",0.333333,"ARIELI, A ",0
"GRINVALD, A ",0.333333,"ARIELI, A ",0
"TYLER, J ",0.5,"WILKINSON, D ",0
"TYSON, J ",0.5,"CSIKASZNAGE, A ",0
"TYSON, J ",0.5,"NOVAK, B ",0
"CSIKASZNAGE, A ",0.5,"NOVAK, B ",0
"UETZ, P ",0.0526316,"GODWIN, B ",0
"UETZ, P ",0.0526316,"CONOVER, D ",0
"UETZ, P ",0.0526316,"KALBFLEISCH, T ",0
"UETZ, P ",0.0526316,"VIJAYADAMODAR, G ",0
"UETZ, P ",0.0526316,"YANG, M ",0
"UETZ, P ",0.0526316,"FIELDS, S ",0
"UETZ, P ",0.0526316,"ROTHBERG, J ",0
"UETZ, P ",0.333333,"GLOT, L ",0
"UETZ, P ",0.0526316,"LI, Y ",0
"UETZ, P ",0.385965,"CAGNEY, G ",0
"UETZ, P ",0.385965,"MANSFIELD, T ",0
"UETZ, P ",0.0526316,"JUDSON, R ",0
"UETZ, P ",0.0526316,"KNIGHT, J ",0
"UETZ, P ",0.0526316,"LOCKSHON, D ",0
"UETZ, P ",0.0526316,"NARAYAN, V ",0
"UETZ, P ",0.0526316,"SRINIVASAN, M ",0
"UETZ, P ",0.0526316,"POCHART, P ",0
"UETZ, P ",0.0526316,"QURESHIEMILI, A ",0
"UETZ, P ",0.0526316,"JOHNSTON, M ",0
"CAGNEY, G ",0.0526316,"GODWIN, B ",0
"CAGNEY, G ",0.0526316,"CONOVER, D ",0
"CAGNEY, G ",0.0526316,"KALBFLEISCH, T ",0
"CAGNEY, G ",0.0526316,"VIJAYADAMODAR, G ",0
"CAGNEY, G ",0.0526316,"YANG, M ",0
"CAGNEY, G ",0.0526316,"FIELDS, S ",0
"CAGNEY, G ",0.0526316,"ROTHBERG, J ",0
"CAGNEY, G ",0.333333,"GLOT, L ",0
"CAGNEY, G ",0.0526316,"LI, Y ",0
"CAGNEY, G ",0.385965,"MANSFIELD, T ",0
"CAGNEY, G ",0.0526316,"JUDSON, R ",0
"CAGNEY, G ",0.0526316,"KNIGHT, J ",0
"CAGNEY, G ",0.0526316,"LOCKSHON, D ",0
"CAGNEY, G ",0.0526316,"NARAYAN, V ",0
"CAGNEY, G ",0.0526316,"SRINIVASAN, M ",0
"CAGNEY, G ",0.0526316,"POCHART, P ",0
"CAGNEY, G ",0.0526316,"QURESHIEMILI, A ",0
"CAGNEY, G ",0.0526316,"JOHNSTON, M ",0
"MANSFIELD, T ",0.0526316,"GODWIN, B ",0
"MANSFIELD, T ",0.0526316,"CONOVER, D ",0
"MANSFIELD, T ",0.0526316,"KALBFLEISCH, T ",0
"MANSFIELD, T ",0.0526316,"VIJAYADAMODAR, G ",0
"MANSFIELD, T ",0.0526316,"YANG, M ",0
"MANSFIELD, T ",0.0526316,"FIELDS, S ",0
"MANSFIELD, T ",0.0526316,"ROTHBERG, J ",0
"MANSFIELD, T ",0.333333,"GLOT, L ",0
"MANSFIELD, T ",0.0526316,"LI, Y ",0
"MANSFIELD, T ",0.0526316,"JUDSON, R ",0
"MANSFIELD, T ",0.0526316,"KNIGHT, J ",0
"MANSFIELD, T ",0.0526316,"LOCKSHON, D ",0
"MANSFIELD, T ",0.0526316,"NARAYAN, V ",0
"MANSFIELD, T ",0.0526316,"SRINIVASAN, M ",0
"MANSFIELD, T ",0.0526316,"POCHART, P ",0
"MANSFIELD, T ",0.0526316,"QURESHIEMILI, A ",0
"MANSFIELD, T ",0.0526316,"JOHNSTON, M ",0
"JUDSON, R ",0.0526316,"GODWIN, B ",0
"JUDSON, R ",0.0526316,"CONOVER, D ",0
"JUDSON, R ",0.0526316,"KALBFLEISCH, T ",0
"JUDSON, R ",0.0526316,"VIJAYADAMODAR, G ",0
"JUDSON, R ",0.0526316,"YANG, M ",0
"JUDSON, R ",0.0526316,"FIELDS, S ",0
"JUDSON, R ",0.0526316,"ROTHBERG, J ",0
"JUDSON, R ",0.0526316,"LI, Y ",0
"JUDSON, R ",0.0526316,"KNIGHT, J ",0
"JUDSON, R ",0.0526316,"LOCKSHON, D ",0
"JUDSON, R ",0.0526316,"NARAYAN, V ",0
"JUDSON, R ",0.0526316,"SRINIVASAN, M ",0
"JUDSON, R ",0.0526316,"POCHART, P ",0
"JUDSON, R ",0.0526316,"QURESHIEMILI, A ",0
"JUDSON, R ",0.0526316,"JOHNSTON, M ",0
"KNIGHT, J ",0.0526316,"GODWIN, B ",0
"KNIGHT, J ",0.0526316,"CONOVER, D ",0
"KNIGHT, J ",0.0526316,"KALBFLEISCH, T ",0
"KNIGHT, J ",0.0526316,"VIJAYADAMODAR, G ",0
"KNIGHT, J ",0.0526316,"YANG, M ",0
"KNIGHT, J ",0.0526316,"FIELDS, S ",0
"KNIGHT, J ",0.0526316,"ROTHBERG, J ",0
"KNIGHT, J ",0.0526316,"LI, Y ",0
"KNIGHT, J ",0.0526316,"LOCKSHON, D ",0
"KNIGHT, J ",0.0526316,"NARAYAN, V ",0
"KNIGHT, J ",0.0526316,"SRINIVASAN, M ",0
"KNIGHT, J ",0.0526316,"POCHART, P ",0
"KNIGHT, J ",0.0526316,"QURESHIEMILI, A ",0
"KNIGHT, J ",0.0526316,"JOHNSTON, M ",0
"LOCKSHON, D ",0.0526316,"GODWIN, B ",0
"LOCKSHON, D ",0.0526316,"CONOVER, D ",0
"LOCKSHON, D ",0.0526316,"KALBFLEISCH, T ",0
"LOCKSHON, D ",0.0526316,"VIJAYADAMODAR, G ",0
"LOCKSHON, D ",0.0526316,"YANG, M ",0
"LOCKSHON, D ",0.0526316,"FIELDS, S ",0
"LOCKSHON, D ",0.0526316,"ROTHBERG, J ",0
"LOCKSHON, D ",0.0526316,"LI, Y ",0
"LOCKSHON, D ",0.0526316,"NARAYAN, V ",0
"LOCKSHON, D ",0.0526316,"SRINIVASAN, M ",0
"LOCKSHON, D ",0.0526316,"POCHART, P ",0
"LOCKSHON, D ",0.0526316,"QURESHIEMILI, A ",0
"LOCKSHON, D ",0.0526316,"JOHNSTON, M ",0
"NARAYAN, V ",0.0526316,"GODWIN, B ",0
"NARAYAN, V ",0.0526316,"CONOVER, D ",0
"NARAYAN, V ",0.0526316,"KALBFLEISCH, T ",0
"NARAYAN, V ",0.0526316,"VIJAYADAMODAR, G ",0
"NARAYAN, V ",0.0526316,"YANG, M ",0
"NARAYAN, V ",0.0526316,"FIELDS, S ",0
"NARAYAN, V ",0.0526316,"ROTHBERG, J ",0
"NARAYAN, V ",0.0526316,"LI, Y ",0
"NARAYAN, V ",0.0526316,"SRINIVASAN, M ",0
"NARAYAN, V ",0.0526316,"POCHART, P ",0
"NARAYAN, V ",0.0526316,"QURESHIEMILI, A ",0
"NARAYAN, V ",0.0526316,"JOHNSTON, M ",0
"SRINIVASAN, M ",0.0526316,"GODWIN, B ",0
"SRINIVASAN, M ",0.0526316,"CONOVER, D ",0
"SRINIVASAN, M ",0.0526316,"KALBFLEISCH, T ",0
"SRINIVASAN, M ",0.0526316,"VIJAYADAMODAR, G ",0
"SRINIVASAN, M ",0.0526316,"YANG, M ",0
"SRINIVASAN, M ",0.0526316,"FIELDS, S ",0
"SRINIVASAN, M ",0.0526316,"ROTHBERG, J ",0
"SRINIVASAN, M ",0.0526316,"LI, Y ",0
"SRINIVASAN, M ",0.0526316,"POCHART, P ",0
"SRINIVASAN, M ",0.0526316,"QURESHIEMILI, A ",0
"SRINIVASAN, M ",0.0526316,"JOHNSTON, M ",0
"POCHART, P ",0.0526316,"GODWIN, B ",0
"POCHART, P ",0.0526316,"CONOVER, D ",0
"POCHART, P ",0.0526316,"KALBFLEISCH, T ",0
"POCHART, P ",0.0526316,"VIJAYADAMODAR, G ",0
"POCHART, P ",0.0526316,"YANG, M ",0
"POCHART, P ",0.0526316,"FIELDS, S ",0
"POCHART, P ",0.0526316,"ROTHBERG, J ",0
"POCHART, P ",0.0526316,"LI, Y ",0
"POCHART, P ",0.0526316,"QURESHIEMILI, A ",0
"POCHART, P ",0.0526316,"JOHNSTON, M ",0
"QURESHIEMILI, A ",0.0526316,"GODWIN, B ",0
"QURESHIEMILI, A ",0.0526316,"CONOVER, D ",0
"QURESHIEMILI, A ",0.0526316,"KALBFLEISCH, T ",0
"QURESHIEMILI, A ",0.0526316,"VIJAYADAMODAR, G ",0
"QURESHIEMILI, A ",0.0526316,"YANG, M ",0
"QURESHIEMILI, A ",0.0526316,"FIELDS, S ",0
"QURESHIEMILI, A ",0.0526316,"ROTHBERG, J ",0
"QURESHIEMILI, A ",0.0526316,"LI, Y ",0
"QURESHIEMILI, A ",0.0526316,"JOHNSTON, M ",0
"LI, Y ",0.0526316,"GODWIN, B ",0
"LI, Y ",0.0526316,"CONOVER, D ",0
"LI, Y ",0.0526316,"KALBFLEISCH, T ",0
"LI, Y ",0.0526316,"VIJAYADAMODAR, G ",0
"LI, Y ",0.0526316,"YANG, M ",0
"LI, Y ",0.0526316,"FIELDS, S ",0
"LI, Y ",0.0526316,"ROTHBERG, J ",0
"LI, Y ",0.0526316,"JOHNSTON, M ",0
"GODWIN, B ",0.0526316,"CONOVER, D ",0
"GODWIN, B ",0.0526316,"KALBFLEISCH, T ",0
"GODWIN, B ",0.0526316,"VIJAYADAMODAR, G ",0
"GODWIN, B ",0.0526316,"YANG, M ",0
"GODWIN, B ",0.0526316,"FIELDS, S ",0
"GODWIN, B ",0.0526316,"ROTHBERG, J ",0
"GODWIN, B ",0.0526316,"JOHNSTON, M ",0
"CONOVER, D ",0.0526316,"KALBFLEISCH, T ",0
"CONOVER, D ",0.0526316,"VIJAYADAMODAR, G ",0
"CONOVER, D ",0.0526316,"YANG, M ",0
"CONOVER, D ",0.0526316,"FIELDS, S ",0
"CONOVER, D ",0.0526316,"ROTHBERG, J ",0
"CONOVER, D ",0.0526316,"JOHNSTON, M ",0
"KALBFLEISCH, T ",0.0526316,"VIJAYADAMODAR, G ",0
"KALBFLEISCH, T ",0.0526316,"YANG, M ",0
"KALBFLEISCH, T ",0.0526316,"FIELDS, S ",0
"KALBFLEISCH, T ",0.0526316,"ROTHBERG, J ",0
"KALBFLEISCH, T ",0.0526316,"JOHNSTON, M ",0
"VIJAYADAMODAR, G ",0.0526316,"YANG, M ",0
"VIJAYADAMODAR, G ",0.0526316,"FIELDS, S ",0
"VIJAYADAMODAR, G ",0.0526316,"ROTHBERG, J ",0
"VIJAYADAMODAR, G ",0.0526316,"JOHNSTON, M ",0
"YANG, M ",0.0526316,"FIELDS, S ",0
"YANG, M ",0.0526316,"ROTHBERG, J ",0
"YANG, M ",0.0526316,"JOHNSTON, M ",0
"JOHNSTON, M ",0.0526316,"FIELDS, S ",0
"JOHNSTON, M ",0.0526316,"ROTHBERG, J ",0
"FIELDS, S ",0.0526316,"ROTHBERG, J ",0
"VALENTE, T ",1,"FOREMAN, R ",0
"VARELA, F ",0.333333,"LACHAUX, J ",0
"VARELA, F ",0.333333,"RODRIGUEZ, E ",0
"VARELA, F ",0.333333,"MARTINERIE, J ",0
"LACHAUX, J ",0.333333,"RODRIGUEZ, E ",0
"LACHAUX, J ",0.333333,"MARTINERIE, J ",0
"RODRIGUEZ, E ",0.333333,"MARTINERIE, J ",0
"VEZOLI, J ",0.2,"FALCHIER, A ",0
"VEZOLI, J ",0.2,"KNOBLAUCH, K ",0
"VEZOLI, J ",0.2,"KENNEDY, H ",0
"FALCHIER, A ",0.2,"KNOBLAUCH, K ",0
"FALCHIER, A ",0.2,"KENNEDY, H ",0
"KNOBLAUCH, K ",0.2,"KENNEDY, H ",0
"CZIROK, A ",0.25,"SHOCHET, O ",0
"CZIROK, A ",0.25,"COHEN, I ",0
"COHEN, I ",0.25,"SHOCHET, O ",0
"VOGELSTEIN, B ",0.5,"LANE, D ",0
"VOGELSTEIN, B ",0.5,"LEVINE, A ",0
"LANE, D ",0.5,"LEVINE, A ",0
"VOGELS, W ",0.5,"VANRENESSE, R ",0
"VOGELS, W ",0.5,"BIRMAN, K ",0
"VANRENESSE, R ",0.5,"BIRMAN, K ",0
"VOLCHENKOV, D ",0.5,"VOLCHENKOVA, L ",0
"VONNEUMANN, J ",1,"MORGENSTERN, O ",0
"VRAGOVIC, I ",0.5,"LOUIS, E ",0
"VUKADINOVIC, D ",0.5,"HUANG, P ",0
"VUKADINOVIC, D ",0.5,"ERLEBACH, T ",0
"HUANG, P ",0.5,"ERLEBACH, T ",0
"VUKMIROVIC, O ",1,"TILGHMAN, S ",0
"WALL, M ",0.5,"HIAVACEK, W ",0
"WANG, B ",1,"ZHANG, F ",0
"WANG, B ",0.25,"YAN, G ",0
"WANG, B ",0.25,"WANG, J ",0
"WANG, B ",0.25,"FU, Z ",0
"WANG, B ",0.25,"ZHOU, T ",0
"WANG, J ",1,"DEWILDE, P ",0
"WANG, J ",0.25,"YAN, G ",0
"WANG, J ",0.25,"ZHOU, T ",0
"WANG, J ",0.25,"FU, Z ",0
"WANG, S ",1,"ZHANG, C ",0
"WEEKS, M ",0.25,"SCHENSUL, J ",0
"WEEKS, M ",0.25,"CLAIR, S ",0
"WEEKS, M ",0.25,"RADDA, K ",0
"CLAIR, S ",0.25,"SCHENSUL, J ",0
"CLAIR, S ",0.25,"RADDA, K ",0
"RADDA, K ",0.25,"SCHENSUL, J ",0
"WELLMAN, B ",0.2,"SALAFF, J ",0
"WELLMAN, B ",0.2,"DIMITROVA, D ",0
"WELLMAN, B ",0.2,"GARTON, L ",0
"WELLMAN, B ",0.2,"GULIA, M ",0
"WELLMAN, B ",0.2,"HAYTHORNTHWAITE, C ",0
"WELLMAN, B ",0.5,"NAZER, N ",0
"SALAFF, J ",0.2,"DIMITROVA, D ",0
"SALAFF, J ",0.2,"GARTON, L ",0
"SALAFF, J ",0.2,"GULIA, M ",0
"SALAFF, J ",0.2,"HAYTHORNTHWAITE, C ",0
"DIMITROVA, D ",0.2,"GARTON, L ",0
"DIMITROVA, D ",0.2,"GULIA, M ",0
"DIMITROVA, D ",0.2,"HAYTHORNTHWAITE, C ",0
"GARTON, L ",0.2,"GULIA, M ",0
"GARTON, L ",0.2,"HAYTHORNTHWAITE, C ",0
"GULIA, M ",0.2,"HAYTHORNTHWAITE, C ",0
"WEST, G ",0.5,"BROWN, J ",0
"WEST, G ",0.5,"ENQUIST, B ",0
"BROWN, J ",0.5,"ENQUIST, B ",0
"SOUTHGATE, E ",0.333333,"THOMPSON, J ",0
"SOUTHGATE, E ",0.333333,"BRENNER, S ",0
"THOMPSON, J ",0.333333,"BRENNER, S ",0
"WHITTINGTON, M ",0.25,"BUHL, E ",0
"WHITTINGTON, M ",0.25,"TRAUB, R ",0
"TRAUB, R ",0.25,"BUHL, E ",0
"WINFUL, H ",1,"RAHMAN, L ",0
"WOOD, A ",1,"WOLLENBERG, B ",0
"WU, C ",1,"CHUA, L ",0
"RICE, D ",0.2,"SALWINSKI, L ",0
"RICE, D ",0.2,"BARON, M ",0
"SALWINSKI, L ",0.2,"BARON, M ",0
"YANG, K ",0.5,"HUANG, L ",0
"YANG, K ",0.5,"YANG, L ",0
"HUANG, L ",0.5,"YANG, L ",0
"YAN, G ",0.25,"FU, Z ",0
"YAN, G ",0.25,"ZHOU, T ",0
"ZHOU, T ",0.25,"FU, Z ",0
"YAOUM, Y ",1,"LAUMANN, E ",0
"YEHIA, A ",0.333333,"JEANDUPREUX, D ",0
"YEHIA, A ",0.333333,"ALONSO, F ",0
"YEHIA, A ",0.333333,"GUEVARA, M ",0
"JEANDUPREUX, D ",0.333333,"ALONSO, F ",0
"JEANDUPREUX, D ",0.333333,"GUEVARA, M ",0
"ALONSO, F ",0.333333,"GUEVARA, M ",0
"YOOK, S ",0.333333,"TU, Y ",0
"SAGER, J ",0.333333,"CSARDI, G ",0
"SAGER, J ",0.333333,"HAGA, P ",0
"CSARDI, G ",0.333333,"HAGA, P ",0
"YUSONG, T ",0.333333,"LINGJIANG, K ",0
"YUSONG, T ",0.333333,"MUREN, L ",0
"LINGJIANG, K ",0.333333,"MUREN, L ",0
"ZAKS, M ",0.333333,"PARK, E ",0
"ZASLAVER, A ",0.142857,"SBERRO, H ",0
"ZASLAVER, A ",0.142857,"MAYO, A ",0
"ZASLAVER, A ",0.142857,"ROSENBERG, R ",0
"ZASLAVER, A ",0.142857,"BASHKIN, P ",0
"ZASLAVER, A ",0.142857,"TSALYUK, M ",0
"MAYO, A ",0.142857,"SBERRO, H ",0
"MAYO, A ",0.142857,"ROSENBERG, R ",0
"MAYO, A ",0.142857,"BASHKIN, P ",0
"MAYO, A ",0.142857,"TSALYUK, M ",0
"ROSENBERG, R ",0.142857,"SBERRO, H ",0
"ROSENBERG, R ",0.142857,"BASHKIN, P ",0
"ROSENBERG, R ",0.142857,"TSALYUK, M ",0
"BASHKIN, P ",0.142857,"SBERRO, H ",0
"BASHKIN, P ",0.142857,"TSALYUK, M ",0
"SBERRO, H ",0.142857,"TSALYUK, M ",0
"ZEKRI, N ",1,"CLERC, J ",0
"CERDEIRA, H ",0.2,"CHEN, S ",0
"CERDEIRA, H ",0.2,"BRAUN, T ",0
"CERDEIRA, H ",0.2,"YAO, Y ",0
"CHEN, S ",0.2,"BRAUN, T ",0
"CHEN, S ",0.2,"YAO, Y ",0
"BRAUN, T ",0.2,"YAO, Y ",0
"ZHENG, D ",0.333333,"TRIMPER, S ",0
"ZHENG, D ",0.333333,"ZHENG, B ",0
"ZHENG, D ",0.333333,"HUI, P ",0
"TRIMPER, S ",0.333333,"ZHENG, B ",0
"TRIMPER, S ",0.333333,"HUI, P ",0
"ZHENG, B ",0.333333,"HUI, P ",0
"ZHONGBAO, K ",1,"CHANGSHUI, Z ",0
"ZHOU, S ",1,"MONDRAGON, R ",0
"ZHU, H ",1,"HUANG, Z ",0
"ZHU, H ",1,"ZHU, J ",0